time,latitude,longitude,depth,mag,magType,nst,gap,dmin,rms,net,id,updated,place,type
2014-05-17T05:11:43.550Z,12.5638,-87.7951,71.9,4.5,mb,,147,0.756,0.98,us,usb000qs8f,2014-05-17T05:59:11.000Z,"42km WSW of Jiquilillo, Nicaragua",earthquake
2014-05-17T03:08:42.600Z,9.7354,143.3878,15.52,4.6,mb,,232,4.095,0.41,us,usb000qs6a,2014-05-17T04:04:41.598Z,"176km NW of Faraulep, Micronesia",earthquake
2014-05-16T21:20:24.580Z,-4.9117,102.9928,65.82,5,mb,,83,0.548,0.79,us,usb000qrx0,2014-05-17T05:22:57.696Z,"86km W of Kuripan, Indonesia",earthquake
2014-05-16T21:11:29.240Z,-10.3806,-13.2346,10,5.1,mb,,54,2.674,0.66,us,usb000qrwx,2014-05-17T05:14:01.600Z,"300km SSE of Georgetown, Saint Helena",earthquake
2014-05-16T17:29:20.580Z,-2.4862,138.9358,23.85,4.8,mb,,67,6.693,0.9,us,usb000qre6,2014-05-17T01:32:01.610Z,"183km W of Abepura, Indonesia",earthquake
2014-05-16T17:08:32.480Z,-23.4549,-68.5776,102.66,5.5,mwr,,28,0.857,1.44,us,usb000qrc9,2014-05-17T02:56:34.000Z,"70km SSW of San Pedro de Atacama, Chile",earthquake
2014-05-16T16:52:24.430Z,17.0486,-60.4409,10,4.7,mb,,129,1.873,1,us,usb000qrak,2014-05-17T00:54:59.096Z,"106km NE of Grande Anse, Guadeloupe",earthquake
2014-05-16T16:26:48.230Z,-36.6425,-73.5146,11.86,4.8,mb,,164,0.441,0.83,us,usb000qr8t,2014-05-17T00:29:30.520Z,"36km WNW of Talcahuano, Chile",earthquake
2014-05-16T12:34:53.000Z,17.0878,-60.3165,10,4.6,mb,,99,1.517,0.72,us,usb000qqpi,2014-05-16T20:37:33.473Z,"118km NE of Grande Anse, Guadeloupe",earthquake
2014-05-16T12:30:21.240Z,17.1053,-60.4059,10,4.8,mb,,47,1.431,0.82,us,usb000qqpa,2014-05-16T20:32:54.593Z,"113km NE of Grande Anse, Guadeloupe",earthquake
2014-05-16T11:26:29.800Z,51.6567,157.3864,146.27,4.7,mb,,125,1.466,0.92,us,usb000qqn2,2014-05-16T19:29:05.007Z,"62km ENE of Ozernovskiy, Russia",earthquake
2014-05-16T11:12:04.250Z,17.0948,-60.3438,10,5,mb,,84,1.49,0.77,us,usb000qqm7,2014-05-16T19:14:43.465Z,"117km NE of Grande Anse, Guadeloupe",earthquake
2014-05-16T11:01:42.960Z,17.0865,-60.3898,24.48,6,mwp,,28,1.453,0.75,us,usb000qqlq,2014-05-16T19:04:24.981Z,"113km NE of Grande Anse, Guadeloupe",earthquake
2014-05-16T10:13:29.520Z,-16.3348,-173.2069,16.66,4.7,mb,,57,2.778,1.05,us,usb000qql8,2014-05-16T18:16:05.388Z,"72km SE of Hihifo, Tonga",earthquake
2014-05-16T10:02:07.720Z,51.4903,-174.784,39.33,4.7,mb,,174,0.8,1.09,us,usb000qqku,2014-05-16T22:10:32.152Z,"88km SSW of Atka, Alaska",earthquake
2014-05-16T08:01:22.740Z,-10.0331,-74.1456,138.22,4.6,mb,,108,3.283,0.88,us,usb000qqhv,2014-05-16T16:04:04.096Z,"145km NNE of Satipo, Peru",earthquake
2014-05-16T06:32:10.430Z,29.4795,67.7386,17.18,4.9,mb,,99,5.166,0.79,us,usb000qqg4,2014-05-16T14:35:08.111Z,"8km E of Dadhar, Pakistan",earthquake
2014-05-16T00:40:15.780Z,-22.4772,173.0652,7.74,5.7,mwp,,20,6.145,0.71,us,usb000qqbk,2014-05-16T13:56:32.000Z,"104km E of Ile Hunter, New Caledonia",earthquake
2014-05-15T22:43:18.260Z,-7.6061,-79.3675,66.51,5.1,mb,,68,5.014,0.85,us,usb000qpp0,2014-05-16T04:46:02.026Z,"15km NNW of Paijan, Peru",earthquake
2014-05-15T16:33:04.790Z,-15.7851,-172.5708,8.37,5,mb,,60,2.016,0.87,us,usb000qnyu,2014-05-16T04:49:09.927Z,"127km E of Hihifo, Tonga",earthquake
2014-05-15T10:16:41.780Z,9.3763,122.0681,13.99,6.2,mwp,,19,6.678,0.97,us,usb000qniy,2014-05-15T18:19:24.043Z,"50km WSW of Alim, Philippines",earthquake
2014-05-15T09:48:13.910Z,35.0707,139.4079,122.55,4.8,mb,,118,1.761,0.75,us,usb000qnid,2014-05-15T17:50:57.730Z,"20km WSW of Miura, Japan",earthquake
2014-05-15T08:26:26.460Z,-20.5688,-178.1672,519.5,4.7,mb,,53,4.544,0.62,us,usb000qnh6,2014-05-15T16:29:06.525Z,"56km E of Ndoi Island, Fiji",earthquake
2014-05-15T08:16:34.950Z,6.5092,144.8994,10,6.6,mwp,,11,7.035,1.02,us,usb000qngw,2014-05-16T00:31:54.747Z,"96km SSE of Ifalik, Micronesia",earthquake
2014-05-15T04:32:30.100Z,-6.4178,154.8413,95.89,4.7,mb,,33,3.464,0.67,us,usb000qnf7,2014-05-15T12:36:04.691Z,"72km W of Panguna, Papua New Guinea",earthquake
2014-05-15T01:48:57.140Z,-5.6397,-80.8618,35,4.7,mb,,117,7.453,0.9,us,usb000qndw,2014-05-15T09:52:30.215Z,"10km SSW of Sechura, Peru",earthquake
2014-05-15T00:53:25.900Z,-33.7846,-70.2722,105.73,4.5,mb,,111,0.551,0.64,us,usb000qncl,2014-05-16T04:50:00.088Z,"34km ESE of Puente Alto, Chile",earthquake
2014-05-14T21:12:51.050Z,-8.3872,-76.0547,25.65,4.7,mb,,129,3.66,0.8,us,usb000qn4t,2014-05-15T05:15:29.169Z,"45km E of Uchiza, Peru",earthquake
2014-05-14T20:56:13.330Z,6.4585,144.8772,10.59,6.1,mwb,,28,7.085,0.68,us,usb000qn2z,2014-05-15T14:56:32.000Z,"99km SSE of Ifalik, Micronesia",earthquake
2014-05-14T18:47:03.140Z,5.042,-82.5667,23.28,4.5,mb,,83,4.911,1.14,us,usb000qmsx,2014-05-15T02:49:40.639Z,"South of Panama",earthquake
2014-05-14T17:29:43.360Z,12.9703,-88.8188,61.57,4.5,mb,,132,0.817,1.07,us,usb000qmmp,2014-05-16T04:52:21.314Z,"45km SW of Puerto El Triunfo, El Salvador",earthquake
2014-05-14T16:11:06.360Z,-5.0564,150.7279,216.94,4.8,mb,,68,1.669,0.6,us,usb000qmh7,2014-05-15T00:14:46.639Z,"84km NE of Kimbe, Papua New Guinea",earthquake
2014-05-14T09:46:14.980Z,7.3792,-82.3729,10,5,mb,,84,3.074,1.26,us,usb000qm11,2014-05-15T00:56:31.000Z,"90km SE of Punta de Burica, Panama",earthquake
2014-05-14T06:41:38.650Z,-5.8431,102.9054,36.22,4.8,mb,,89,1.473,1,us,usb000qlwv,2014-05-14T14:44:10.126Z,"130km SW of Kuripan, Indonesia",earthquake
2014-05-14T05:51:47.570Z,-19.6758,-71.0583,10,5.2,mb,,139,0.885,1.25,us,usb000qlw0,2014-05-15T17:36:07.000Z,"113km WNW of Iquique, Chile",earthquake
2014-05-14T05:28:25.140Z,7.6814,-82.32,10,5.1,mb,,79,2.865,1.4,us,usb000qlvl,2014-05-14T05:50:04.086Z,"71km ESE of Punta de Burica, Panama",earthquake
2014-05-14T03:38:21.090Z,-22.721,-66.4363,212.65,5.2,mb,,56,2.288,1.2,us,usb000qlti,2014-05-14T14:33:47.000Z,"75km W of Abra Pampa, Argentina",earthquake
2014-05-14T01:51:34.350Z,-27.4868,-178.9782,377.4,5,mb,,106,1.98,1.49,us,usb000qlrt,2014-05-14T09:54:00.510Z,"223km NNW of Raoul Island, New Zealand",earthquake
2014-05-13T23:44:20.390Z,1.0337,127.8951,10,4.6,mb,,102,0.588,0.7,us,usb000qlpe,2014-05-14T07:47:46.712Z,"60km ENE of Ternate, Indonesia",earthquake
2014-05-13T23:03:24.280Z,41.9673,142.4654,64.95,4.8,mb,,104,0.517,0.83,us,usb000qlnd,2014-05-14T13:59:07.334Z,"41km SSE of Shizunai, Japan",earthquake
2014-05-13T21:59:04.880Z,7.5512,-82.3443,10,4.6,mb,,155,2.954,1.3,us,usb000qljz,2014-05-13T23:19:18.132Z,"78km SE of Punta de Burica, Panama",earthquake
2014-05-13T19:33:57.730Z,-19.966,-71.0498,9.92,4.5,mwr,,145,0.946,0.93,us,usb000ql9s,2014-05-14T15:22:09.090Z,"98km WNW of Iquique, Chile",earthquake
2014-05-13T18:07:31.140Z,3.855,-71.334,15.42,4.6,mb,,111,2.692,1.08,us,usb000qkvb,2014-05-14T15:05:43.000Z,"97km ESE of Puerto Gaitan, Colombia",earthquake
2014-05-13T14:40:54.130Z,-56.9121,-25.1715,10.85,5.3,mwb,,59,6.932,0.61,us,usb000qkgr,2014-05-13T22:43:31.074Z,"126km ESE of Visokoi Island, ",earthquake
2014-05-13T14:31:59.160Z,-30.7158,-179.0663,210.48,4.8,mb,,141,1.767,0.97,us,usb000qkg5,2014-05-13T22:35:47.888Z,"81km NNW of L'Esperance Rock, New Zealand",earthquake
2014-05-13T13:04:01.220Z,45.8777,154.0725,24.51,4.6,mb,,138,7.611,0.82,us,usb000qkdw,2014-05-13T21:06:30.592Z,"East of the Kuril Islands",earthquake
2014-05-13T10:38:17.580Z,-6.8108,155.3256,72.22,5.1,mb,,23,4.083,0.93,us,usb000qk9x,2014-05-13T18:41:34.862Z,"57km SSW of Panguna, Papua New Guinea",earthquake
2014-05-13T10:36:04.030Z,-6.9674,155.566,35,4.7,mb,,48,4.367,0.9,us,usb000qka2,2014-05-13T18:38:52.241Z,"72km S of Panguna, Papua New Guinea",earthquake
2014-05-13T10:05:38.860Z,-15.2757,-177.1723,10.58,4.7,mb,,104,5.196,1.01,us,usb000qk99,2014-05-13T18:08:04.727Z,"152km SE of Sigave, Wallis and Futuna",earthquake
2014-05-13T06:35:24.380Z,7.2164,-82.328,10,6.5,mww,,47,3.135,1.37,us,usb000qk64,2014-05-14T15:42:41.735Z,"108km SSE of Punta de Burica, Panama",earthquake
2014-05-12T23:35:02.000Z,35.4915,140.1494,51.19,5,mb,,115,1.895,0.98,us,usb000qjz9,2014-05-16T00:25:03.561Z,"6km ESE of Ichihara, Japan",earthquake
2014-05-12T22:44:42.520Z,0.3969,126.5184,51.71,4.5,mb,,61,0.926,0.81,us,usb000qjxl,2014-05-13T06:47:20.449Z,"103km WSW of Kota Ternate, Indonesia",earthquake
2014-05-12T18:51:00.940Z,43.7157,-128.0555,10,5.1,mb,,160,3.528,0.95,us,usb000qjhw,2014-05-13T07:24:44.694Z,"Off the coast of Oregon",earthquake
2014-05-12T18:38:37.520Z,-49.9422,-114.6788,8.31,6.5,mww,,35,23.15,1.43,us,usb000qjhh,2014-05-13T23:11:39.374Z,"Southern East Pacific Rise",earthquake
2014-05-12T16:27:22.730Z,20.0369,145.6198,131.17,4.9,mb,,18,6.451,0.64,us,usb000qjat,2014-05-13T00:29:53.507Z,"93km SE of Farallon de Pajaros, Northern Mariana Islands",earthquake
2014-05-12T14:40:29.970Z,0.3353,123.7766,198.69,4.6,mb,,80,1.697,0.44,us,usb000qj5j,2014-05-12T22:43:12.773Z,"23km WSW of Molibagu, Indonesia",earthquake
2014-05-12T11:54:29.010Z,-20.6056,-70.9073,16.56,4.7,mb,,127,0.681,0.79,us,usb000qiyh,2014-05-12T22:08:42.000Z,"90km WSW of Iquique, Chile",earthquake
2014-05-12T08:19:36.070Z,28.2887,138.8222,523.39,4.5,mb,,104,4.886,0.72,us,usb000qit7,2014-05-12T16:22:04.273Z,"Bonin Islands, Japan region",earthquake
2014-05-12T05:08:03.460Z,-6.9392,155.2806,81.08,4.9,mb,,64,4.132,1.02,us,usb000qini,2014-05-12T13:10:45.393Z,"72km SSW of Panguna, Papua New Guinea",earthquake
2014-05-12T03:36:06.350Z,-4.9559,68.5754,28.85,5,mb,,60,4.561,1.14,us,usb000qiky,2014-05-13T04:23:26.000Z,"Chagos Archipelago region",earthquake
2014-05-12T01:37:23.920Z,-30.3014,-177.729,9.17,4.7,mb,,61,1.067,0.91,us,usb000qihv,2014-05-12T09:40:00.302Z,"115km S of Raoul Island, New Zealand",earthquake
2014-05-12T00:54:32.370Z,39.8048,20.1945,10,4.9,mb,,38,1.334,0.8,us,usb000qif4,2014-05-17T01:09:12.158Z,"16km N of Konispol, Albania",earthquake
2014-05-11T22:38:41.420Z,13.722,-91.6847,49.83,4.5,mb,,140,0.795,0.95,us,usb000qi67,2014-05-12T06:41:11.993Z,"67km SW of Nueva Concepcion, Guatemala",earthquake
2014-05-11T22:07:23.870Z,-17.9277,-172.7589,36.75,4.6,mb,,87,2.919,0.84,us,usb000qi4z,2014-05-12T06:09:59.848Z,"152km ENE of Neiafu, Tonga",earthquake
2014-05-11T20:42:34.590Z,-13.9091,167.2498,231,5.3,mb,,29,8.418,0.94,us,usb000qi18,2014-05-13T18:43:18.000Z,"32km W of Sola, Vanuatu",earthquake
2014-05-11T15:52:14.580Z,-15.7692,168.0216,53.14,4.7,mb,,131,9.807,0.71,us,usb000qhsj,2014-05-11T23:54:47.392Z,"75km ENE of Norsup, Vanuatu",earthquake
2014-05-11T15:32:24.040Z,-6.5255,155.0048,61.15,5.1,mb,,18,5.686,0.81,us,usb000qhrs,2014-05-11T23:35:07.004Z,"57km WSW of Panguna, Papua New Guinea",earthquake
2014-05-11T15:29:10.650Z,-20.0842,-70.9914,9.93,4.6,mb,,144,0.899,0.63,us,usb000qhrj,2014-05-12T22:12:00.000Z,"89km W of Iquique, Chile",earthquake
2014-05-11T14:32:03.000Z,51.1467,-178.1201,46.73,4.7,mb,,199,0.929,0.66,us,usb000qhql,2014-05-11T22:34:41.759Z,"70km E of Amatignak Island, Alaska",earthquake
2014-05-11T13:30:29.720Z,5.5227,126.5591,73.04,5.3,mb,,49,1.819,0.82,us,usb000qhpz,2014-05-11T21:33:09.867Z,"101km SSE of Pondaguitan, Philippines",earthquake
2014-05-11T12:35:17.870Z,-47.9212,99.7327,10,5.5,mb,,50,19.264,1,us,usb000qhnh,2014-05-13T19:30:57.000Z,"Southeast Indian Ridge",earthquake
2014-05-11T12:34:57.510Z,-47.8117,99.8734,10,5.2,mb,,76,19.349,0.83,us,usb000qhn7,2014-05-11T20:37:35.571Z,"Southeast Indian Ridge",earthquake
2014-05-11T10:32:16.910Z,36.2285,142.246,38.77,4.7,mb,,117,3.276,0.76,us,usb000qhks,2014-05-11T18:34:50.406Z,"138km ENE of Hasaki, Japan",earthquake
2014-05-11T01:10:18.110Z,-3.4748,146.0745,22.29,5.6,mwp,,48,5.988,0.69,us,usb000qhf5,2014-05-13T16:00:18.000Z,"195km N of Madang, Papua New Guinea",earthquake
2014-05-11T00:58:20.410Z,-3.5024,146.0759,8.7,4.8,mb,,47,5.961,0.83,us,usb000qhes,2014-05-17T00:44:53.895Z,"192km N of Madang, Papua New Guinea",earthquake
2014-05-10T23:42:41.250Z,-6.002,130.6642,120.55,4.7,mb,,91,2.066,0.81,us,usb000qhdl,2014-05-11T07:45:13.584Z,"227km NNW of Saumlaki, Indonesia",earthquake
2014-05-10T20:07:44.600Z,14.5302,123.6874,1,4.9,mb,,70,4.322,1.06,us,usb000qh91,2014-05-10T21:52:32.606Z,"71km N of Garchitorena, Philippines",earthquake
2014-05-10T19:46:20.130Z,-6.951,155.4344,44.59,4.9,mb,,61,5.105,0.59,us,usb000qh8a,2014-05-11T05:46:42.750Z,"70km S of Panguna, Papua New Guinea",earthquake
2014-05-10T18:24:30.540Z,23.7703,122.5593,26.48,4.7,mwr,,88,0.807,1.11,us,usb000qh5y,2014-05-13T16:55:39.956Z,"89km SSW of Yonakuni, Japan",earthquake
2014-05-10T17:26:31.050Z,17.2903,-100.6266,2.11,4.8,mb,,202,1.985,1.23,us,usb000qh47,2014-05-13T16:20:19.323Z,"7km NE of Tecpan de Galeana, Mexico",earthquake
2014-05-10T14:16:09.000Z,60.0035,-152.1323,91.1,5.6,ml,152,39.5999968320003,,0.95,ak,ak11257368,2014-05-16T21:21:13.724Z,"35km NW of Anchor Point, Alaska",earthquake
2014-05-10T10:32:39.240Z,-18.35,-71.3378,25.54,4.6,mb,,143,0.946,1.13,us,usb000qgvt,2014-05-12T22:16:26.000Z,"78km S of Ilo, Peru",earthquake
2014-05-10T09:54:55.540Z,5.3921,96.127,62.12,4.6,mb,,189,0.832,0.36,us,usb000qgvh,2014-05-10T17:06:23.530Z,"18km E of Sigli, Indonesia",earthquake
2014-05-10T09:00:37.650Z,-41.2226,-81.1678,10,4.8,mb,,80,6.644,0.97,us,usb000qguk,2014-05-10T17:03:07.263Z,"West Chile Rise",earthquake
2014-05-10T07:36:01.470Z,17.2304,-100.788,23,6,mwb,,47,2.146,1.25,us,usb000qgt2,2014-05-14T04:42:29.277Z,"11km W of Tecpan de Galeana, Mexico",earthquake
2014-05-10T05:56:27.610Z,-7.1986,154.525,52.08,4.5,mb,,103,5.809,0.54,us,usb000qgs2,2014-05-10T13:59:14.556Z,"144km SW of Panguna, Papua New Guinea",earthquake
2014-05-10T02:42:11.090Z,-8.113,117.5636,224.65,5.4,mwp,,50,3.394,1.07,us,usb000qgpv,2014-05-10T03:02:57.457Z,"23km W of Labuhankananga, Indonesia",earthquake
2014-05-10T02:14:33.160Z,-45.7302,-12.5422,10,5.3,mb,,74,26.43,0.6,us,usb000qgpk,2014-05-10T10:17:15.159Z,"Southern Mid-Atlantic Ridge",earthquake
2014-05-10T01:19:03.920Z,-4.1063,153.223,83.13,4.6,mb,,58,7.996,0.51,us,usb000qgn0,2014-05-10T09:21:39.564Z,"45km NNE of Taron, Papua New Guinea",earthquake
2014-05-09T21:51:07.750Z,-7.0315,154.8564,33.17,5.1,mb,,29,5.577,0.73,us,usb000qgem,2014-05-10T05:53:44.721Z,"105km SW of Panguna, Papua New Guinea",earthquake
2014-05-09T18:14:01.230Z,-23.4279,-175.1335,7.03,5,mb,,47,6.312,1.47,us,usb000qfwr,2014-05-10T14:10:02.567Z,"232km S of `Ohonua, Tonga",earthquake
2014-05-09T17:47:02.190Z,-19.7009,-177.7103,441.66,4.8,mb,,35,4.461,0.86,us,usb000qfu9,2014-05-10T13:44:58.473Z,"147km NE of Ndoi Island, Fiji",earthquake
2014-05-09T14:03:59.350Z,-18.354,-178.05,527.68,5.6,mb,,83,3.756,1.09,us,usb000qfhc,2014-05-09T22:06:29.809Z,"263km NNE of Ndoi Island, Fiji",earthquake
2014-05-09T13:55:12.680Z,-23.3213,170.27,32.48,4.9,mb,,129,9.16,0.69,us,usb000qfgs,2014-05-09T21:57:52.747Z,"209km WSW of Ile Hunter, New Caledonia",earthquake
2014-05-09T12:54:53.870Z,8.7611,126.352,86.13,5,mb,,104,8,0.77,us,usb000qffh,2014-05-09T13:15:29.473Z,"7km ESE of Marihatag, Philippines",earthquake
2014-05-09T11:44:51.810Z,-34.7262,-71.7441,44.04,4.7,mb,,97,0.321,0.92,us,usb000qfdu,2014-05-10T04:12:53.961Z,"36km WSW of Santa Cruz, Chile",earthquake
2014-05-09T11:16:53.280Z,-20.5098,-71.0113,14.15,4.5,mb,,148,0.78,0.65,us,usb000qfdm,2014-05-09T20:46:35.000Z,"96km WSW of Iquique, Chile",earthquake
2014-05-09T10:32:18.750Z,-18.9225,-175.6019,153.42,5.8,mwp,,25,5.371,1.09,us,usb000qfct,2014-05-09T22:56:34.000Z,"163km NW of Pangai, Tonga",earthquake
2014-05-09T05:44:28.920Z,5.6971,125.74,143.56,5.5,mb,,31,1.373,1.31,us,usb000qf6m,2014-05-09T22:56:32.000Z,"26km SSE of Caburan, Philippines",earthquake
2014-05-09T05:34:24.080Z,-7.0346,154.6267,72.24,4.6,mb,,86,5.782,0.94,us,usb000qf6a,2014-05-09T13:37:02.257Z,"123km SW of Panguna, Papua New Guinea",earthquake
2014-05-09T04:58:48.580Z,-20.3543,-70.7722,7.45,4.6,mb,,107,0.593,1.03,us,usb000qf5d,2014-05-09T16:56:49.000Z,"67km WSW of Iquique, Chile",earthquake
2014-05-09T00:08:42.710Z,27.8308,57.4656,10,4.6,mb,,130,3.088,0.95,us,usb000qezz,2014-05-09T08:11:44.605Z,"84km NNE of Minab, Iran",earthquake
2014-05-08T23:50:11.240Z,26.3678,68.3887,15.35,4.6,mb,,83,8.399,0.78,us,usb000qez2,2014-05-09T07:52:48.871Z,"12km SE of Daur, Pakistan",earthquake
2014-05-08T22:51:15.830Z,26.3868,68.3579,14.73,4.5,mb,,100,8.396,0.79,us,usb000qexd,2014-05-09T06:53:53.903Z,"8km SSE of Daur, Pakistan",earthquake
2014-05-08T17:00:17.260Z,17.3847,-100.6563,23.95,6.4,mww,,38,2.002,1.15,us,usb000qea2,2014-05-14T04:38:03.597Z,"15km N of Tecpan de Galeana, Mexico",earthquake
2014-05-08T15:52:48.570Z,49.6759,156.1128,62.76,5.2,mb,,61,3.71,0.67,us,usb000qe6z,2014-05-09T16:05:36.142Z,"111km S of Severo-Kuril'sk, Russia",earthquake
2014-05-08T11:46:05.540Z,-4.9356,152.2614,71.17,5.2,mb,,36,6.732,0.72,us,usb000qdyw,2014-05-08T14:12:55.945Z,"64km S of Kokopo, Papua New Guinea",earthquake
2014-05-08T09:42:28.800Z,-21.8834,170.8401,139.94,4.9,mb,,63,7.939,1.13,us,usb000qdxk,2014-05-08T17:45:03.550Z,"137km WNW of Ile Hunter, New Caledonia",earthquake
2014-05-08T03:23:23.640Z,-6.747,154.5608,20.44,4.9,mb,,62,7.789,0.88,us,usb000qdsw,2014-05-08T11:26:26.467Z,"112km WSW of Panguna, Papua New Guinea",earthquake
2014-05-07T16:00:53.660Z,-21.0641,-179.0671,635.78,4.7,mb,,91,4.276,0.77,us,usb000qd0j,2014-05-08T00:03:27.810Z,"59km SW of Ndoi Island, Fiji",earthquake
2014-05-07T14:11:46.010Z,25.527,102.0691,31.03,4.9,mb,,68,0.728,0.61,us,usb000qcw9,2014-05-07T23:38:13.448Z,"26km SE of Yuanma, China",earthquake
2014-05-07T13:27:06.260Z,-19.9688,-70.951,12.99,5,mb,,144,0.862,0.78,us,usb000qcve,2014-05-08T03:24:42.000Z,"88km WNW of Iquique, Chile",earthquake
2014-05-07T04:45:00.470Z,-7.0072,154.8209,10,5.6,mb,,120,7.948,0.57,us,usb000qcqm,2014-05-07T13:57:16.000Z,"105km SW of Panguna, Papua New Guinea",earthquake
2014-05-07T04:20:33.690Z,-6.9499,154.8797,1,6.1,mwp,,27,8.021,1.25,us,usb000qcqe,2014-05-09T16:02:08.000Z,"96km SW of Panguna, Papua New Guinea",earthquake
2014-05-06T23:09:44.270Z,52.9001,159.9189,60.84,4.8,mb,,146,0.777,0.68,us,usb000qclv,2014-05-07T07:12:18.293Z,"86km E of Petropavlovsk-Kamchatskiy, Russia",earthquake
2014-05-06T20:52:26.540Z,-36.3905,-96.8083,9.94,6.1,mwb,,42,19.751,1.18,us,usb000qcg4,2014-05-09T18:15:48.000Z,"West Chile Rise",earthquake
2014-05-06T14:50:14.060Z,19.6581,99.5266,10,4.6,mb,,58,1.003,0.78,us,usb000qc0x,2014-05-07T05:01:18.043Z,"1km W of Mae Suai, Thailand",earthquake
2014-05-06T12:58:50.420Z,-7.048,124.8609,35,4.5,mb,,69,2.753,1.15,us,usb000qbyl,2014-05-06T21:01:19.155Z,"184km NNW of Dili, East Timor",earthquake
2014-05-06T12:18:32.980Z,-5.5625,151.8023,57.28,4.9,mb,,41,5.979,0.82,us,usb000qby0,2014-05-06T20:20:59.927Z,"143km SSW of Kokopo, Papua New Guinea",earthquake
2014-05-06T11:24:31.230Z,-21.9808,-179.2827,592.02,4.7,mb,,97,4.903,1.02,us,usb000qbwg,2014-05-06T19:27:44.777Z,"159km SSW of Ndoi Island, Fiji",earthquake
2014-05-06T06:23:04.990Z,-6.3287,154.7548,77.14,5,mb,,28,6,0.93,us,usb000qbqi,2014-05-06T14:25:44.856Z,"80km W of Panguna, Papua New Guinea",earthquake
2014-05-06T04:32:06.400Z,-20.0898,-177.6545,551.54,5.7,mb,,98,4.685,1.03,us,usb000qbni,2014-05-06T13:56:29.000Z,"125km ENE of Ndoi Island, Fiji",earthquake
2014-05-06T00:58:21.460Z,19.6198,99.4607,10,5,mb,,39,0.938,0.77,us,usb000qbj8,2014-05-13T13:54:01.657Z,"9km WSW of Mae Suai, Thailand",earthquake
2014-05-06T00:50:16.630Z,19.7025,99.6059,10,4.9,mb,,43,1.082,1.18,us,usb000qbj3,2014-05-06T02:00:16.329Z,"8km NE of Mae Suai, Thailand",earthquake
2014-05-05T23:00:22.610Z,41.4585,142.257,76.38,4.6,mb,,134,0.873,0.92,us,usb000qbf2,2014-05-06T01:45:18.501Z,"89km ENE of Mutsu, Japan",earthquake
2014-05-05T22:52:25.290Z,-19.9358,-70.8812,26.25,5,mb,,74,0.789,1.47,us,usb000qbe3,2014-05-10T20:06:17.000Z,"83km WNW of Iquique, Chile",earthquake
2014-05-05T13:38:31.650Z,-20.2948,-68.1203,175.71,4.9,mb,,57,0.982,1.08,us,usb000qag8,2014-05-05T21:41:08.280Z,"123km W of Colchani, Bolivia",earthquake
2014-05-05T13:19:47.550Z,-5.5315,131.3758,92.18,4.7,mb,,41,2.436,0.75,us,usb000qafq,2014-05-05T21:22:20.210Z,"152km W of Tual, Indonesia",earthquake
2014-05-05T13:03:46.090Z,-15.8618,167.7635,173.77,5.3,mb,,54,9.943,0.79,us,usb000qaff,2014-05-05T21:07:08.802Z,"46km ENE of Norsup, Vanuatu",earthquake
2014-05-05T12:12:35.000Z,67.7115,-162.6393,22.5,4.6,ml,41,143.999988480001,,0.95,ak,ak11251745,2014-05-15T01:45:20.728Z,"21km NE of Noatak, Alaska",earthquake
2014-05-05T11:59:14.000Z,67.7395,-162.5954,29,4.5,ml,20,140.399988768001,,0.9,ak,ak11251631,2014-05-15T01:42:02.242Z,"20km NE of Noatak, Alaska",earthquake
2014-05-05T11:52:43.820Z,-14.1766,172.3627,597.45,4.8,mb,,53,6.521,0.7,us,usb000qad4,2014-05-05T19:55:14.066Z,"Vanuatu region",earthquake
2014-05-05T11:21:17.190Z,-20.2082,-70.7817,14.61,5.4,mb,,136,0.847,0.62,us,usb000qacr,2014-05-06T04:18:33.000Z,"66km W of Iquique, Chile",earthquake
2014-05-05T11:08:43.880Z,19.7026,99.6826,7.36,6,mwp,,25,1.125,1.01,us,usb000qack,2014-05-08T06:54:45.943Z,"9km S of Mae Lao, Thailand",earthquake
2014-05-05T10:52:24.590Z,-33.5506,-67.4131,186.12,4.7,mb,,105,2.76,0.9,us,usb000qac5,2014-05-05T17:29:15.183Z,"104km WSW of San Luis, Argentina",earthquake
2014-05-05T09:02:55.820Z,-19.3601,-70.9703,23.92,4.8,mb,,93,0.833,1.48,us,usb000qaa2,2014-05-05T17:05:21.862Z,"120km SW of Arica, Chile",earthquake
2014-05-05T08:28:03.010Z,23.9771,122.4376,25.02,4.7,mb,,89,0.715,1.14,us,usb000qa9k,2014-05-05T16:30:40.930Z,"78km SW of Yonakuni, Japan",earthquake
2014-05-05T06:27:47.910Z,-19.2873,-71.0031,26.91,4.7,mb,,140,0.885,1.13,us,usb000qa7q,2014-05-05T15:56:28.000Z,"116km SW of Arica, Chile",earthquake
2014-05-05T05:54:26.470Z,-19.8815,-70.9609,19.57,4.7,mb,,143,0.838,0.99,us,usb000qa77,2014-05-05T15:54:09.000Z,"93km WNW of Iquique, Chile",earthquake
2014-05-05T05:14:10.920Z,-26.8532,-71.2515,10,4.6,mb,,145,2.204,1.29,us,usb000qa6g,2014-05-05T13:16:37.905Z,"107km WNW of Copiapo, Chile",earthquake
2014-05-05T05:05:41.670Z,36.0496,31.0604,91.91,4.5,mb,,104,1.161,0.72,us,usb000qa6c,2014-05-05T13:08:22.449Z,"69km SE of Tekirova, Turkey",earthquake
2014-05-05T04:59:44.000Z,60.6511,-149.5584,38,4.6,ml,99,50.3999959680003,,0.76,ak,ak11251056,2014-05-15T01:48:48.542Z,"49km WSW of Whittier, Alaska",earthquake
2014-05-05T04:03:39.010Z,12.678,-89.9435,46.1,4.5,mb,,186,1.219,1.01,us,usb000qa5q,2014-05-05T12:06:08.069Z,"101km S of Acajutla, El Salvador",earthquake
2014-05-05T02:52:04.620Z,-19.994,-70.9295,17.94,4.8,mb,,149,0.855,1.01,us,usb000qa4k,2014-05-05T15:51:57.000Z,"85km WNW of Iquique, Chile",earthquake
2014-05-05T02:24:53.070Z,-9.7445,159.745,30.2,5.3,mb,,63,0.363,0.91,us,usb000qa3l,2014-05-05T08:36:11.357Z,"41km SSW of Honiara, Solomon Islands",earthquake
2014-05-04T21:24:18.030Z,-20.6944,-178.2716,611.74,4.9,mb,,141,4.546,0.87,us,usb000q9vy,2014-05-05T05:26:51.682Z,"44km E of Ndoi Island, Fiji",earthquake
2014-05-04T20:23:32.930Z,40.6466,77.6565,10,5.4,mb,,144,1.515,1.37,us,usb000q9uv,2014-05-04T21:27:12.000Z,"164km ESE of Naryn, Kyrgyzstan",earthquake
2014-05-04T20:18:24.790Z,34.8621,139.3117,155.07,6,mwb,,25,1.791,0.8,us,usb000q9sv,2014-05-06T04:46:19.000Z,"23km ESE of Ito, Japan",earthquake
2014-05-04T20:02:16.440Z,36.094,139.8065,59.62,4.6,mb,,146,1.37,0.4,us,usb000q9s5,2014-05-05T04:09:29.828Z,"0km SE of Sakai, Japan",earthquake
2014-05-04T19:21:31.070Z,-20.0548,-70.8456,12.37,4.6,mb,,147,0.818,1.01,us,usb000q9qk,2014-05-05T03:24:19.893Z,"75km WNW of Iquique, Chile",earthquake
2014-05-04T18:34:00.480Z,-20.0486,-70.9188,14.78,4.6,mb,,154,0.873,0.75,us,usb000q9p4,2014-05-05T02:37:47.475Z,"83km WNW of Iquique, Chile",earthquake
2014-05-04T17:14:26.970Z,-49.1021,127.3346,10,4.6,mb,,128,15.186,1.21,us,usb000q9lr,2014-05-05T01:17:48.026Z,"Western Indian-Antarctic Ridge",earthquake
2014-05-04T12:58:02.660Z,52.4183,172.371,28.11,4.6,mb,,126,1.102,0.76,us,usb000q9fx,2014-05-04T21:00:46.312Z,"72km SW of Attu Station, Alaska",earthquake
2014-05-04T12:43:35.610Z,23.887,121.6403,33.86,4.8,mb,,84,0.288,0.85,us,usb000q9fm,2014-05-05T04:44:11.774Z,"10km SSE of Hualian, Taiwan",earthquake
2014-05-04T11:58:56.340Z,1.6517,128.5392,50.72,4.7,mb,,103,1.462,0.78,us,usb000q9es,2014-05-04T20:01:25.532Z,"59km E of Tobelo, Indonesia",earthquake
2014-05-04T09:38:23.610Z,-25.8296,178.2496,618.7,5.2,mb,,47,4.804,0.96,us,usb000q998,2014-05-04T17:40:54.178Z,"South of the Fiji Islands",earthquake
2014-05-04T09:25:14.520Z,-25.7976,178.2078,610.63,6.1,mb,,24,4.853,0.98,us,usb000q98e,2014-05-06T04:44:26.000Z,"South of the Fiji Islands",earthquake
2014-05-04T09:15:53.070Z,-24.6421,179.0836,527.62,6.6,mwp,,25,5.303,1.25,us,usb000q98a,2014-05-05T12:40:07.000Z,"South of the Fiji Islands",earthquake
2014-05-04T08:53:55.700Z,4.2951,126.6066,71.63,5,mb,,106,2.939,0.83,us,usb000q97m,2014-05-04T16:56:27.140Z,"176km SE of Sarangani, Philippines",earthquake
2014-05-04T07:04:33.130Z,-11.1049,162.2534,35,4.8,mb,,91,2.809,1.11,us,usb000q94c,2014-05-04T15:07:07.388Z,"80km SSE of Kirakira, Solomon Islands",earthquake
2014-05-04T04:55:55.560Z,-20.0715,-70.9524,16.24,4.5,mb,,150,0.912,0.98,us,usb000q913,2014-05-04T12:58:23.003Z,"86km W of Iquique, Chile",earthquake
2014-05-04T04:46:45.640Z,-20.0328,-71.0566,6.07,5,mb,,143,0.98,0.97,us,usb000q90p,2014-05-10T18:33:07.000Z,"97km WNW of Iquique, Chile",earthquake
2014-05-04T03:07:24.920Z,-6.3408,154.9589,20.32,4.5,mb,,59,5.821,0.93,us,usb000q8y0,2014-05-04T11:09:58.136Z,"58km W of Panguna, Papua New Guinea",earthquake
2014-05-03T22:48:54.600Z,36.5977,71.2824,127.49,4.6,mb,,72,0.773,0.88,us,usb000q8nv,2014-05-04T06:51:31.097Z,"24km WSW of Ashkasham, Afghanistan",earthquake
2014-05-03T15:00:38.210Z,-5.0717,151.5287,124.68,4.6,mb,,127,6.108,0.54,us,usb000q86h,2014-05-03T23:03:16.920Z,"113km SW of Kokopo, Papua New Guinea",earthquake
2014-05-03T14:47:05.930Z,1.8369,97.8592,57.03,5.4,mb,,62,0.6,1.04,us,usb000q863,2014-05-03T22:49:46.152Z,"92km WSW of Onan Ganjang, Indonesia",earthquake
2014-05-03T13:39:04.000Z,37.2495,141.6011,67.19,4.6,mb,,155,2.812,0.6,us,usb000q84y,2014-05-03T21:41:49.589Z,"59km ESE of Namie, Japan",earthquake
2014-05-03T13:37:33.060Z,16.4283,-97.8884,30.83,4.7,mb,,179,1.301,1.04,us,usb000q84v,2014-05-03T21:40:11.393Z,"3km ENE of Pinotepa de Don Luis, Mexico",earthquake
2014-05-03T13:18:49.070Z,-8.0534,104.3438,29.11,4.6,mb,,197,2.735,0.96,us,usb000q84i,2014-05-03T21:21:16.409Z,"197km SW of Tugu Hilir, Indonesia",earthquake
2014-05-03T12:21:37.420Z,-2.1522,138.5197,61.19,4.5,mb,,114,6.31,0.63,us,usb000q82l,2014-05-03T20:24:12.895Z,"235km WNW of Abepura, Indonesia",earthquake
2014-05-03T10:57:11.750Z,22.3192,144.004,68.83,5.5,mb,,46,8.721,0.75,us,usb000q81w,2014-05-04T23:56:28.000Z,"217km NNW of Farallon de Pajaros, Northern Mariana Islands",earthquake
2014-05-03T10:01:45.840Z,-6.7178,154.6133,42.61,4.7,mb,,66,5.933,1.01,us,usb000q812,2014-05-03T18:04:12.675Z,"106km WSW of Panguna, Papua New Guinea",earthquake
2014-05-03T09:57:08.000Z,67.6958,-162.5743,10,4.7,ml,,,,1.14,ak,ak11248710,2014-05-14T19:39:18.856Z,"21km NE of Noatak, Alaska",earthquake
2014-05-03T09:51:07.000Z,67.6988,-162.3133,20.6,4.7,ml,,,,1.26,ak,ak11248697,2014-05-14T19:36:00.528Z,"43km NE of Noatak, Alaska",earthquake
2014-05-03T08:57:12.000Z,67.6302,-162.2066,0.9,5.5,mb,,,,1.16,ak,ak11248623,2014-05-14T19:32:41.960Z,"33km NE of Noatak, Alaska",earthquake
2014-05-03T04:51:33.830Z,-11.5127,162.4198,40.29,4.9,mb,,61,3.187,0.58,us,usb000q7u6,2014-05-03T12:54:14.966Z,"129km SSE of Kirakira, Solomon Islands",earthquake
2014-05-03T04:14:44.660Z,-17.6839,-178.8536,533.69,4.5,mb,,126,2.949,0.68,us,usb000q7tn,2014-05-03T12:17:26.735Z,"234km SE of Lambasa, Fiji",earthquake
2014-05-03T03:48:48.660Z,-0.98,127.3302,38.8,4.5,mb,,110,1.74,0.7,us,usb000q7ss,2014-05-03T11:51:19.958Z,"55km NW of Laiwui, Indonesia",earthquake
2014-05-02T19:08:23.180Z,17.5575,-94.4695,151.43,5.1,mb,,100,2.567,0.99,us,usb000q7ce,2014-05-08T17:22:24.826Z,"30km SE of Hidalgotitlan, Mexico",earthquake
2014-05-02T18:10:29.790Z,-16.1338,-172.7019,12.93,4.9,mb,,59,2.385,1.51,us,usb000q79r,2014-05-03T14:40:54.851Z,"113km E of Hihifo, Tonga",earthquake
2014-05-02T17:14:09.360Z,37.9875,144.1319,32.01,4.6,mb,,137,4.091,0.7,us,usb000q765,2014-05-03T14:07:16.000Z,"241km SE of Kamaishi, Japan",earthquake
2014-05-02T16:28:43.220Z,14.3427,-90.6647,190.5,4.5,mb,,155,1.014,0.84,us,usb000q77n,2014-05-03T00:31:20.496Z,"7km SSE of Palin, Guatemala",earthquake
2014-05-02T13:33:03.470Z,0.3515,126.4488,51.07,4.5,mb,,66,1.008,1.37,us,usb000q6yy,2014-05-02T21:35:31.612Z,"112km WSW of Kota Ternate, Indonesia",earthquake
2014-05-02T11:44:01.490Z,15.715,118.4406,26.26,4.5,mb,,92,7.491,0.73,us,usb000q6xv,2014-05-02T19:46:33.015Z,"144km W of Ilioilio, Philippines",earthquake
2014-05-02T11:12:07.920Z,-7.581,127.8217,161.08,4.8,mb,,22,3.468,1.1,us,usb000q6xk,2014-05-02T19:14:33.911Z,"270km ENE of Dili, East Timor",earthquake
2014-05-02T09:15:20.820Z,37.8797,144.2463,14.55,5.9,mwp,,17,4.214,0.74,us,usb000q6x6,2014-05-04T23:19:48.000Z,"257km SE of Kamaishi, Japan",earthquake
2014-05-02T08:43:37.540Z,-3.8009,127.4352,54.18,6,mwp,,37,4.542,1,us,usb000q6wt,2014-05-03T19:41:13.000Z,"70km SSE of Namlea, Indonesia",earthquake
2014-05-02T07:46:07.210Z,-18.8475,-175.2927,35,5.3,mb,,55,5.082,1.49,us,usb000q6w3,2014-05-04T06:36:47.000Z,"139km W of Neiafu, Tonga",earthquake
2014-05-02T07:19:57.250Z,-7.1008,154.0308,30.87,4.9,mb,,28,7.175,0.88,us,usb000q6vn,2014-05-02T15:22:32.676Z,"182km WSW of Panguna, Papua New Guinea",earthquake
2014-05-02T03:23:45.740Z,-6.7001,155.4316,55.49,4.5,mb,,96,5.234,0.63,us,usb000q6un,2014-05-02T11:26:19.675Z,"42km S of Panguna, Papua New Guinea",earthquake
2014-05-02T03:06:04.740Z,52.6652,-171.8647,119.13,4.9,mb,,135,1.501,0.98,us,usb000q6uj,2014-05-10T07:21:36.141Z,"45km WNW of Amukta Island, Alaska",earthquake
2014-05-02T01:52:51.410Z,1.4956,126.5417,50.02,4.5,mb,,98,1.094,1.21,us,usb000q6tu,2014-05-02T09:55:33.491Z,"120km NW of Kota Ternate, Indonesia",earthquake
2014-05-02T01:08:04.970Z,-21.2034,-178.0052,350.07,4.7,mb,,104,7.878,1.22,us,usb000q6te,2014-05-02T09:10:36.011Z,"94km SE of Ndoi Island, Fiji",earthquake
2014-05-02T00:21:22.990Z,1.4556,126.4564,23.88,4.7,mb,,46,1.135,1.07,us,usb000q6t3,2014-05-13T05:17:59.822Z,"125km NW of Kota Ternate, Indonesia",earthquake
2014-05-01T19:23:20.930Z,-9.6121,161.5363,81.26,4.8,mb,,171,1.576,0.53,us,usb000q6jk,2014-05-02T03:25:47.015Z,"102km NNW of Kirakira, Solomon Islands",earthquake
2014-05-01T18:09:05.500Z,-28.8555,-176.5007,10,4.9,mb,,124,1.309,0.97,us,usb000q6h2,2014-05-02T02:11:37.518Z,"143km ENE of Raoul Island, New Zealand",earthquake
2014-05-01T16:45:22.600Z,-20.0131,-71.1223,7.08,4.8,mwr,,81,1.027,0.78,us,usb000q6dx,2014-05-02T17:54:35.401Z,"104km WNW of Iquique, Chile",earthquake
2014-05-01T15:21:13.690Z,6.5384,130.1212,6.27,5.4,mb,,16,4.541,0.77,us,usb000q6by,2014-05-02T17:27:59.099Z,"Palau region",earthquake
2014-05-01T14:35:38.850Z,1.9436,97.9317,55.18,5.8,mwb,,28,0.728,1.41,us,usb000q6ba,2014-05-02T17:09:42.000Z,"81km WSW of Onan Ganjang, Indonesia",earthquake
2014-05-01T11:11:42.160Z,-11.5843,166.3136,82.94,5.2,mb,,51,6.613,1.18,us,usb000q69t,2014-05-01T19:14:17.423Z,"109km SSE of Lata, Solomon Islands",earthquake
2014-05-01T10:12:38.600Z,-41.3851,-89.0685,15.58,5.4,mwc,,142,13.993,1.81,us,usb000q6t9,2014-05-02T01:42:37.537Z,"Southeast of Easter Island",earthquake
2014-05-01T06:36:35.340Z,-21.5018,170.3522,105.33,6.6,mww,,24,3.676,0.78,us,usb000q66s,2014-05-01T18:57:15.000Z,"201km WNW of Ile Hunter, New Caledonia",earthquake
2014-04-30T18:41:21.560Z,-16.2114,-176.0626,364.08,4.5,mb,,61,4.73,0.4,us,usb000q5nr,2014-05-01T02:43:48.900Z,"249km W of Hihifo, Tonga",earthquake
2014-04-30T18:19:52.960Z,-19.8648,-71.0565,23.27,4.6,mb,,156,0.918,0.91,us,usb000q5k6,2014-05-01T04:11:45.000Z,"103km WNW of Iquique, Chile",earthquake
2014-04-30T18:00:54.950Z,-32.719,-71.6375,22.64,5.1,mb,,101,0.582,0.67,us,usb000q5js,2014-05-01T15:06:18.708Z,"34km NNW of Vina del Mar, Chile",earthquake
2014-04-30T15:52:40.410Z,-1.1838,-13.4548,10,5.6,mwb,,44,6.764,1.06,us,usb000q5dt,2014-05-01T18:57:13.000Z,"North of Ascension Island",earthquake
2014-04-30T15:05:14.990Z,-56.1221,-27.4867,109.03,5,mb,,66,5.474,0.44,us,usb000q5cd,2014-04-30T23:07:41.912Z,"66km NNW of Visokoi Island, ",earthquake
2014-04-30T09:52:16.680Z,7.39,-82.6971,27.09,5,mb,,86,2.948,1.26,us,usb000q52m,2014-04-30T15:26:28.576Z,"73km SSE of Punta de Burica, Panama",earthquake
2014-04-30T09:18:46.260Z,-5.4912,146.6951,207.22,4.6,mb,,77,3.915,0.68,us,usb000q51d,2014-04-30T17:21:22.494Z,"103km ESE of Madang, Papua New Guinea",earthquake
2014-04-30T06:20:56.050Z,43.019,94.2571,10,5.3,mb,,51,9.291,0.74,us,usb000q4xj,2014-04-30T14:23:36.769Z,"70km ENE of Hami, China",earthquake
2014-04-30T06:09:05.500Z,13.1203,-90.0281,30.01,4.5,mb,,139,0.958,1.05,us,usb000q4xb,2014-04-30T06:39:19.441Z,"56km SSW of Acajutla, El Salvador",earthquake
2014-04-30T05:43:15.100Z,0.7044,-77.814,38.59,4.8,mb,,134,4.158,1.36,us,usb000q4wu,2014-05-01T00:21:11.886Z,"11km N of San Gabriel, Ecuador",earthquake
2014-04-30T05:21:14.700Z,-33.0428,-178.845,8.78,5.3,mb,,69,3.866,1.33,us,usb000q4wg,2014-04-30T13:23:53.816Z,"178km S of L'Esperance Rock, New Zealand",earthquake
2014-04-30T04:03:33.210Z,38.2406,25.1534,10,4.8,mb,,42,1.882,0.94,us,usb000q4uy,2014-04-30T15:43:10.000Z,"49km NNE of Andros, Greece",earthquake
2014-04-30T03:36:26.870Z,-23.357,-175.8335,35,5.3,mb,,45,6.157,1.37,us,usb000q4uf,2014-04-30T11:39:05.909Z,"241km SSW of `Ohonua, Tonga",earthquake
2014-04-29T22:22:33.320Z,-6.4492,130.822,107.41,4.7,mb,,58,1.595,1.45,us,usb000q4k8,2014-04-30T06:25:00.059Z,"174km NNW of Saumlaki, Indonesia",earthquake
2014-04-29T17:52:37.190Z,-7.2462,153.9876,5.9,5.1,mb,,17,3.536,0.97,us,usb000q43k,2014-04-30T15:53:18.038Z,"194km WSW of Panguna, Papua New Guinea",earthquake
2014-04-29T16:11:17.600Z,-15.5087,167.6009,161.83,5.1,mb,,34,6.619,0.88,us,usb000q3x2,2014-04-30T00:13:45.467Z,"46km E of Luganville, Vanuatu",earthquake
2014-04-29T10:08:49.940Z,51.4275,178.7764,53.31,4.8,mb,,137,2.571,0.83,us,usb000q3ix,2014-04-29T18:11:22.482Z,"60km SSE of Little Sitkin Island, Alaska",earthquake
2014-04-29T09:54:56.640Z,-32.7365,139.5373,15.39,4.7,mb,,127,1.942,1.26,us,usb000q3ij,2014-04-30T11:31:40.217Z,"70km ENE of Peterborough, Australia",earthquake
2014-04-29T05:00:14.000Z,38.1526,141.743,74.16,4.5,mb,,138,3.242,0.68,us,usb000q3d8,2014-04-29T13:02:48.296Z,"48km SE of Ishinomaki, Japan",earthquake
2014-04-28T23:22:46.020Z,-11.0464,162.2103,35,4.8,mb,,63,2.74,1.02,us,usb000q35s,2014-04-29T07:25:17.287Z,"72km SSE of Kirakira, Solomon Islands",earthquake
2014-04-28T21:53:26.320Z,57.0318,-34.332,10,4.8,mb,,116,7.048,1.2,us,usb000q31g,2014-04-29T05:55:57.402Z,"Reykjanes Ridge",earthquake
2014-04-28T19:54:26.230Z,73.1154,6.1739,10,4.5,mb,,82,5.673,1.39,us,usb000q2tj,2014-04-29T03:57:02.736Z,"Greenland Sea",earthquake
2014-04-28T17:19:28.700Z,46.9435,152.6615,65.91,4.7,mb,,95,6.778,0.78,us,usb000q2j4,2014-04-29T01:22:09.058Z,"Kuril Islands",earthquake
2014-04-28T16:01:06.300Z,-6.1345,-106.7953,10,4.9,mb,,180,24.909,0.72,us,usb000q2fw,2014-04-29T00:03:38.231Z,"Central East Pacific Rise",earthquake
2014-04-28T12:43:52.360Z,-32.1223,57.1089,14.44,5.3,mb,,59,10.975,0.63,us,usb000q28e,2014-04-28T20:46:18.903Z,"Southwest Indian Ridge",earthquake
2014-04-28T11:59:53.730Z,-17.5847,-178.8771,524.89,4.7,mb,,83,2.931,0.72,us,usb000q272,2014-04-28T20:02:28.669Z,"225km SE of Lambasa, Fiji",earthquake
2014-04-28T06:21:59.210Z,21.5692,143.1352,325.97,4.7,mb,,35,8.106,0.61,us,usb000q21g,2014-04-28T14:24:31.206Z,"215km WNW of Farallon de Pajaros, Northern Mariana Islands",earthquake
2014-04-28T05:20:40.750Z,-9.3261,110.2804,27.47,4.5,mb,,76,1.424,1.24,us,usb000q1zl,2014-04-28T13:23:10.367Z,"152km S of Bambanglipuro, Indonesia",earthquake
2014-04-28T04:59:36.250Z,-19.4907,-70.4457,31.7,4.9,mb,,144,0.322,1.04,us,usb000q1yt,2014-04-28T16:32:43.000Z,"86km NNW of Iquique, Chile",earthquake
2014-04-28T04:49:33.530Z,-3.3332,136.7844,66.87,4.9,mb,,75,4.547,1.42,us,usb000q1ym,2014-04-28T12:52:06.149Z,"80km NE of Enarotali, Indonesia",earthquake
2014-04-28T04:37:17.970Z,53.4393,160.1905,71.34,4.7,mb,,134,1.015,1,us,usb000q1yc,2014-04-28T12:39:52.679Z,"111km ENE of Petropavlovsk-Kamchatskiy, Russia",earthquake
2014-04-28T02:47:28.760Z,-20.5464,-70.8564,12.85,4.6,mb,,164,0.713,1.06,us,usb000q1v9,2014-04-28T10:49:58.983Z,"82km WSW of Iquique, Chile",earthquake
2014-04-28T00:43:50.650Z,19.7066,120.0732,6,5.4,mwb,,19,2.173,0.81,us,usb000q1s6,2014-05-11T23:04:12.295Z,"145km NNW of Burgos, Philippines",earthquake
2014-04-28T00:09:38.630Z,-19.9245,-70.8747,21,4.7,mwr,,134,0.779,0.87,us,usb000q1rb,2014-05-11T22:36:39.983Z,"83km WNW of Iquique, Chile",earthquake
2014-04-27T22:09:17.640Z,-0.2246,122.6012,33.56,4.7,mb,,56,0.829,0.89,us,usb000q1mn,2014-04-28T06:11:48.081Z,"83km NNW of Luwuk, Indonesia",earthquake
2014-04-27T18:10:47.760Z,-7.0778,154.8013,77.63,4.7,mb,,75,3.887,0.73,us,usb000q1fb,2014-04-28T02:13:18.243Z,"113km SW of Panguna, Papua New Guinea",earthquake
2014-04-27T16:23:06.020Z,-6.2043,131.2621,81.49,5.2,mb,,37,1.767,0.84,us,usb000q1cz,2014-04-28T00:25:36.473Z,"175km WSW of Tual, Indonesia",earthquake
2014-04-27T15:13:54.920Z,54.8714,111.3083,10,5.1,mb,,33,5.599,0.61,us,usb000q1c1,2014-04-27T23:16:36.783Z,"91km NE of Kurumkan, Russia",earthquake
2014-04-27T13:49:12.760Z,-6.7349,155.0762,89,5.1,mb,,16,3.845,0.64,us,usb000q1at,2014-04-27T21:51:52.020Z,"64km SW of Panguna, Papua New Guinea",earthquake
2014-04-27T13:36:20.080Z,38.3967,93.0125,16.56,5.1,mb,,53,6.733,0.52,us,usb000q1ah,2014-04-27T21:38:48.096Z,"208km WNW of Da Qaidam Hu, China",earthquake
2014-04-27T10:03:08.540Z,23.5965,143.7454,37.27,4.6,mb,,99,10.01,0.66,us,usb000q17v,2014-04-27T18:05:48.579Z,"278km ESE of Iwo Jima, Japan",earthquake
2014-04-27T06:34:47.610Z,-0.1006,124.4906,85.08,4.6,mb,,37,1.956,0.85,us,usb000q13j,2014-04-27T14:38:32.980Z,"78km SE of Molibagu, Indonesia",earthquake
2014-04-27T01:42:57.460Z,43.0311,45.8789,10,4.6,mb,,41,1.55,0.84,us,usb000q0yn,2014-04-27T09:46:25.303Z,"11km E of Duba-Yurt, Russia",earthquake
2014-04-27T00:59:51.420Z,-56.1052,-143.6632,10,5.1,mb,,55,28.445,1.01,us,usb000q0yd,2014-05-11T22:19:32.368Z,"Pacific-Antarctic Ridge",earthquake
2014-04-26T18:58:26.780Z,-30.4353,-179.2937,182.5,4.7,mb,,134,1.677,0.81,us,usb000q0nj,2014-04-29T14:36:52.800Z,"116km NNW of L'Esperance Rock, New Zealand",earthquake
2014-04-26T17:48:54.760Z,35.2216,70.3914,73.18,4.6,mb,,77,1.299,0.56,us,usb000q0la,2014-04-29T14:00:57.916Z,"53km WSW of Parun, Afghanistan",earthquake
2014-04-26T16:35:26.360Z,28.579,129.729,57.29,4.5,mb,,176,2.163,0.8,us,usb000q0jb,2014-04-27T00:38:00.011Z,"33km NE of Naze, Japan",earthquake
2014-04-26T16:03:50.880Z,-7.0297,154.7756,34.99,4.9,mb,,93,3.835,0.77,us,usb000q0iv,2014-04-27T00:06:32.220Z,"111km SW of Panguna, Papua New Guinea",earthquake
2014-04-26T13:55:55.650Z,48.4569,153.2639,130.05,5,mb,,76,5.439,0.98,us,usb000q0gk,2014-04-26T21:58:36.426Z,"Kuril Islands",earthquake
2014-04-26T13:33:21.780Z,14.1832,-92.2943,83.52,5,mb,,182,0.67,1.34,us,usb000q0g7,2014-04-27T15:00:16.229Z,"37km SSW of Ocos, Guatemala",earthquake
2014-04-26T10:00:46.410Z,-7.4688,128.3842,158.1,4.6,mb,,60,2.933,0.74,us,usb000q0e8,2014-04-26T18:03:17.150Z,"Kepulauan Barat Daya, Indonesia",earthquake
2014-04-26T08:58:41.700Z,51.4962,177.5172,52.86,4.5,mb,,98,2.441,1.17,us,usb000q0dq,2014-04-26T17:01:18.072Z,"67km S of Kiska Volcano, Alaska",earthquake
2014-04-26T07:56:51.050Z,0.5094,98.4872,61.33,4.8,mb,,93,1.205,0.89,us,usb000q0cm,2014-04-26T15:59:22.220Z,"128km SW of Padangsidempuan, Indonesia",earthquake
2014-04-26T07:01:22.140Z,-34.1361,-72.1904,17.85,4.8,mb,,115,0.897,0.71,us,usb000q0c1,2014-04-26T14:19:04.964Z,"79km SW of San Antonio, Chile",earthquake
2014-04-26T06:02:20.420Z,-20.7142,-174.7236,39.37,6.2,mwc,,21,4.798,0.91,us,usb000q0ag,2014-04-27T09:21:01.781Z,"67km NE of Nuku`alofa, Tonga",earthquake
2014-04-26T04:19:50.870Z,-7.0049,154.6339,21,4.9,mb,,63,3.722,0.73,us,usb000q09b,2014-04-26T12:22:19.050Z,"121km SW of Panguna, Papua New Guinea",earthquake
2014-04-26T03:55:33.650Z,73.4788,7.974,10,5.1,mb,,59,5.147,0.91,us,usb000q08r,2014-04-26T11:58:08.194Z,"Greenland Sea",earthquake
2014-04-26T02:33:34.290Z,-56.349,-143.8998,0.01,5.7,mwc,,61,28.169,1.26,us,usb000q0wi,2014-04-27T00:28:02.616Z,"Pacific-Antarctic Ridge",earthquake
2014-04-26T02:02:20.930Z,-55.8259,-27.1533,34.93,4.6,mb,,100,5.584,0.5,us,usb000q07f,2014-04-26T10:04:53.359Z,"97km N of Visokoi Island, ",earthquake
2014-04-26T01:39:46.840Z,48.1273,154.9913,31.78,4.9,mb,,138,5.276,0.97,us,usb000q076,2014-04-26T09:42:18.845Z,"295km SSW of Severo-Kuril'sk, Russia",earthquake
2014-04-26T01:34:41.590Z,-7.2553,154.6804,18.62,4.9,mb,,61,3.941,1.11,us,usb000q073,2014-04-26T09:37:18.337Z,"136km SW of Panguna, Papua New Guinea",earthquake
2014-04-25T21:18:30.240Z,43.4108,-127.0632,10,4.7,mb,,163,2.955,0.88,us,usb000pzzj,2014-05-11T21:40:08.909Z,"217km W of Bandon, Oregon",earthquake
2014-04-25T20:59:47.560Z,26.7592,53.911,10.25,5,mb,,30,2.744,0.79,us,usb000pzyv,2014-04-26T18:02:36.378Z,"24km NNW of Kish, Iran",earthquake
2014-04-25T18:03:09.300Z,-5.7356,147.1506,128.86,5,mb,,27,3.645,1.02,us,usb000pzml,2014-04-26T15:55:49.000Z,"110km N of Lae, Papua New Guinea",earthquake
2014-04-25T17:46:26.340Z,-6.816,154.4696,47.9,4.5,mb,,118,3.473,1.03,us,usb000pznx,2014-04-26T15:16:34.068Z,"125km WSW of Panguna, Papua New Guinea",earthquake
2014-04-25T17:20:33.920Z,35.5907,21.6837,31.85,4.5,mwr,,69,1.596,0.92,us,usb000pzkb,2014-04-26T14:18:12.000Z,"136km S of Koroni, Greece",earthquake
2014-04-25T16:09:29.780Z,-7.1788,154.6657,79.47,4.9,mb,,50,3.873,1.12,us,usb000pzfx,2014-04-26T00:12:04.153Z,"131km SW of Panguna, Papua New Guinea",earthquake
2014-04-25T08:41:59.150Z,-16.5712,-177.4478,10,5.1,mb,,120,4.457,1.49,us,usb000pz4t,2014-04-26T13:56:27.000Z,"262km SSE of Sigave, Wallis and Futuna",earthquake
2014-04-25T06:58:58.130Z,10.0478,124.044,10,4.6,mb,,69,3.325,1.06,us,usb000pz1q,2014-04-25T18:13:22.693Z,"3km NW of Inabanga, Philippines",earthquake
2014-04-25T06:54:27.050Z,-36.413,-73.3743,29.76,4.7,mb,,146,1.827,0.65,us,usb000pz1v,2014-04-25T12:29:16.214Z,"40km NW of Talcahuano, Chile",earthquake
2014-04-25T04:36:58.520Z,-17.435,-173.159,13.27,5.2,mb,,58,3.477,1.27,us,usb000pysq,2014-04-25T12:39:25.064Z,"160km NNE of Neiafu, Tonga",earthquake
2014-04-25T03:01:36.620Z,-20.283,-70.9532,10.94,4.8,mb,,143,0.921,1.43,us,usb000pymw,2014-04-25T21:34:47.000Z,"84km W of Iquique, Chile",earthquake
2014-04-25T02:56:32.650Z,35.4997,21.6771,13.2,4.7,mb,,104,1.687,1.36,us,usb000pymu,2014-04-25T10:59:05.034Z,"146km S of Koroni, Greece",earthquake
2014-04-25T02:04:52.120Z,52.0516,176.3034,43.6,4.9,mb,,90,1.51,0.94,us,usb000pym8,2014-05-05T22:28:58.253Z,"42km SE of Buldir Island, Alaska",earthquake
2014-04-24T19:51:58.680Z,-23.9906,-176.6986,63.53,5.9,mwb,,36,5.347,0.93,us,usb000py4w,2014-04-25T17:46:28.000Z,"South of the Fiji Islands",earthquake
2014-04-24T19:02:08.040Z,30.4414,140.8115,35.69,4.6,mb,,119,6.46,0.83,us,usb000py1l,2014-04-25T03:04:43.018Z,"Izu Islands, Japan region",earthquake
2014-04-24T12:46:16.960Z,-59.5674,-26.2874,96.06,5.3,mb,,69,7.688,1.5,us,usb000pxjb,2014-04-24T20:48:55.961Z,"60km SSE of Bristol Island, South Sandwich Islands",earthquake
2014-04-24T10:46:41.200Z,-34.5264,-72.4655,26.91,4.5,mb,,161,0.653,1.12,us,usb000pxgb,2014-04-24T18:49:15.504Z,"89km N of Constitucion, Chile",earthquake
2014-04-24T10:26:47.990Z,-19.9763,-70.9607,12.75,4.9,mb,,129,0.874,1.38,us,usb000pxfg,2014-05-10T20:40:09.000Z,"89km WNW of Iquique, Chile",earthquake
2014-04-24T10:07:04.110Z,-34.467,-72.6097,10,5,mb,,63,0.778,0.91,us,usb000pxem,2014-04-24T10:43:16.655Z,"97km N of Constitucion, Chile",earthquake
2014-04-24T09:48:53.530Z,-6.6608,154.3623,35,4.6,mb,,65,3.287,1,us,usb000pxe0,2014-04-24T17:52:15.965Z,"129km WSW of Panguna, Papua New Guinea",earthquake
2014-04-24T09:13:21.210Z,-18.0634,-69.4572,128.9,4.5,mb,,89,0.274,0.95,us,usb000pxcf,2014-04-24T17:15:52.836Z,"18km NE of Putre, Chile",earthquake
2014-04-24T04:56:49.600Z,-20.0901,-70.8368,15.41,4.8,mb,,99,0.831,0.86,us,usb000px81,2014-04-24T15:42:10.000Z,"73km W of Iquique, Chile",earthquake
2014-04-24T03:20:14.550Z,49.851,-127.1912,10,5,mb,,182,3.492,1.13,us,usb000px6z,2014-04-24T14:50:44.496Z,"95km S of Port Hardy, Canada",earthquake
2014-04-24T03:10:12.880Z,49.8459,-127.444,11.4,6.6,mww,,41,2.379,1.18,us,usb000px6r,2014-04-28T06:15:37.192Z,"94km S of Port Hardy, Canada",earthquake
2014-04-24T02:17:30.090Z,-10.8247,165.6846,40.6,5.1,mb,,40,5.814,0.62,us,usb000px5z,2014-04-24T10:20:00.062Z,"20km SW of Lata, Solomon Islands",earthquake
2014-04-23T22:42:23.680Z,-30.7099,-178.0714,35,4.7,mb,,129,7.464,1.49,us,usb000pwwh,2014-04-24T06:44:51.837Z,"112km NE of L'Esperance Rock, New Zealand",earthquake
2014-04-23T22:25:07.000Z,27.5314,129.3528,37.34,5,mb,,112,1.185,1.36,us,usb000pwvh,2014-04-24T06:27:47.745Z,"93km S of Naze, Japan",earthquake
2014-04-23T20:04:06.200Z,-23.7741,-179.8373,533.4,5,mb,,45,6.315,0.87,us,usb000pwj1,2014-04-24T04:07:45.929Z,"South of the Fiji Islands",earthquake
2014-04-23T18:21:09.710Z,14.8306,-45.0359,11.74,5.1,mb,,54,15.578,0.97,us,usb000pwdc,2014-04-24T02:23:57.650Z,"Northern Mid-Atlantic Ridge",earthquake
2014-04-23T17:00:42.710Z,-6.605,154.8555,64.12,4.6,mb,,89,5.775,0.45,us,usb000pw9i,2014-04-24T01:04:34.312Z,"76km WSW of Panguna, Papua New Guinea",earthquake
2014-04-23T14:20:52.080Z,-7.4682,154.6407,34.01,4.9,mb,,50,4.082,0.77,us,usb000pw1f,2014-04-23T22:23:24.499Z,"157km SW of Panguna, Papua New Guinea",earthquake
2014-04-23T13:12:26.390Z,-0.5831,127.423,126.41,4.6,mb,,83,1.347,0.4,us,usb000pvxl,2014-04-23T21:15:00.345Z,"89km NNW of Laiwui, Indonesia",earthquake
2014-04-23T13:03:42.960Z,-7.4501,154.3943,64.43,4.6,mb,,121,3.925,0.69,us,usb000pvxm,2014-04-23T21:06:24.786Z,"173km SW of Panguna, Papua New Guinea",earthquake
2014-04-23T09:03:32.440Z,-7.485,154.6663,29.38,4.7,mb,,128,4.111,0.63,us,usb000pvmu,2014-04-23T17:06:13.780Z,"157km SW of Panguna, Papua New Guinea",earthquake
2014-04-23T08:58:38.730Z,-7.475,154.5763,39.91,5,mb,,68,4.049,1.06,us,usb000pvm8,2014-04-23T17:01:11.222Z,"162km SW of Panguna, Papua New Guinea",earthquake
2014-04-23T07:39:08.820Z,-11.5269,161.9247,17.39,4.7,mb,,107,2.843,0.71,us,usb000pvjm,2014-04-23T15:41:40.321Z,"118km S of Kirakira, Solomon Islands",earthquake
2014-04-23T05:57:46.020Z,-6.7613,154.6573,35,4.9,mb,,91,3.561,0.99,us,usb000pvgs,2014-04-23T14:00:19.014Z,"103km WSW of Panguna, Papua New Guinea",earthquake
2014-04-23T05:40:02.780Z,-6.6325,154.5243,43.92,5.4,mb,,61,3.377,0.94,us,usb000pvgf,2014-04-23T13:42:41.080Z,"111km WSW of Panguna, Papua New Guinea",earthquake
2014-04-23T02:38:19.020Z,-7.0746,154.6785,31.27,4.8,mb,,79,7.793,0.75,us,usb000pvca,2014-04-23T10:40:50.498Z,"122km SW of Panguna, Papua New Guinea",earthquake
2014-04-22T23:35:50.530Z,-6.784,154.4247,35,4.8,mb,,89,3.42,1.17,us,usb000pv5i,2014-04-23T07:38:16.726Z,"128km WSW of Panguna, Papua New Guinea",earthquake
2014-04-22T11:46:47.550Z,33.6917,140.8961,49.5,4.9,mb,,82,1.072,0.99,us,usb000ptra,2014-04-22T19:49:25.734Z,"122km NE of Hachijo-jima, Japan",earthquake
2014-04-21T21:59:05.460Z,-6.6023,154.6555,35,5.4,mb,,51,3.448,0.92,us,usb000pt65,2014-04-22T13:56:33.000Z,"97km WSW of Panguna, Papua New Guinea",earthquake
2014-04-21T21:41:35.170Z,-20.176,-173.8814,33.98,5.3,mb,,57,9.748,0.73,us,usb000pt5c,2014-04-22T05:44:05.480Z,"64km SE of Pangai, Tonga",earthquake
2014-04-21T21:25:30.330Z,41.7627,19.2486,14.17,4.5,mb,,45,0.62,1.28,us,usb000pt3h,2014-04-21T22:59:13.438Z,"18km S of Ulcinj, Montenegro",earthquake
2014-04-21T21:22:54.480Z,35.5699,141.0879,16.34,4.6,mb,,126,2.531,1.42,us,usb000pt42,2014-04-22T05:25:32.737Z,"29km SE of Hasaki, Japan",earthquake
2014-04-21T20:45:23.200Z,17.3559,119.9577,22.5,5.4,mwb,,25,0.513,0.91,us,usb000pt1q,2014-04-22T22:09:33.372Z,"47km WSW of Fuerte, Philippines",earthquake
2014-04-21T19:58:17.840Z,-6.8173,155.0867,10,4.8,mb,,61,3.907,1.17,us,usb000psyh,2014-04-22T21:29:41.000Z,"70km SW of Panguna, Papua New Guinea",earthquake
2014-04-21T19:46:51.450Z,-6.2695,155.0416,52.85,4.8,mb,,96,5.79,0.73,us,usb000psx9,2014-04-22T03:49:30.511Z,"49km W of Panguna, Papua New Guinea",earthquake
2014-04-21T16:48:49.220Z,-20.842,-173.1608,10,4.7,mb,,110,3.512,0.72,us,usb000qkt4,2014-05-15T22:00:24.668Z,"169km SE of Pangai, Tonga",earthquake
2014-04-21T15:35:55.240Z,-6.8366,155.1184,35,4.5,mb,,200,3.944,0.87,us,usb000qksm,2014-05-15T21:09:11.951Z,"70km SW of Panguna, Papua New Guinea",earthquake
2014-04-21T15:00:30.790Z,46.9842,152.7145,67.87,4.7,mb,,103,6.812,0.51,us,usb000psky,2014-05-15T19:44:53.706Z,"Kuril Islands",earthquake
2014-04-21T14:57:55.610Z,-6.9756,154.7793,40.29,5.3,mb,,45,3.798,0.88,us,usb000pskx,2014-05-15T19:11:54.509Z,"106km SW of Panguna, Papua New Guinea",earthquake
2014-04-21T14:02:15.770Z,51.8211,-175.9701,54.12,5.4,mb,,37,0.167,0.78,us,usb000psjy,2014-05-15T17:18:27.397Z,"47km E of Adak, Alaska",earthquake
2014-04-21T13:39:05.580Z,-19.6309,-71.0347,19.1,5.2,mwr,,80,0.86,0.94,us,usb000psj4,2014-05-15T16:38:42.887Z,"113km NW of Iquique, Chile",earthquake
2014-04-21T13:37:10.720Z,-20.1261,-173.2676,25.03,5.2,mb,,47,3.317,0.79,us,usb000psja,2014-05-15T16:17:55.080Z,"118km ESE of Pangai, Tonga",earthquake
2014-04-21T13:07:15.320Z,-15.2186,-173.0078,10,4.7,mb,,142,20.617,0.47,us,usb000qksg,2014-05-15T15:34:09.935Z,"113km NE of Hihifo, Tonga",earthquake
2014-04-21T12:34:09.990Z,3.9972,91.6065,14.57,5.1,mb,,109,5.462,0.65,us,usb000pshw,2014-04-21T20:36:42.685Z,"Off the west coast of northern Sumatra",earthquake
2014-04-21T11:25:27.600Z,-6.2634,154.4162,35,5.1,mb,,50,3.044,0.85,us,usb000pshe,2014-04-21T19:28:03.849Z,"118km W of Panguna, Papua New Guinea",earthquake
2014-04-21T09:04:24.330Z,-6.1957,154.3797,46.84,5.2,mb,,28,2.972,0.76,us,usb000psg4,2014-04-26T01:09:52.000Z,"123km W of Panguna, Papua New Guinea",earthquake
2014-04-21T07:46:53.620Z,42.5047,143.6209,78.04,4.6,mb,,77,0.598,0.7,us,usb000psf4,2014-04-21T15:49:33.604Z,"57km SE of Obihiro, Japan",earthquake
2014-04-21T06:32:42.190Z,-6.6032,154.5964,56.76,4.5,mb,,64,3.406,0.6,us,usb000psdk,2014-04-21T14:35:16.848Z,"103km WSW of Panguna, Papua New Guinea",earthquake
2014-04-21T04:49:51.660Z,36.321,71.4524,94.92,4.5,mb,,72,2.65,0.77,us,usb000psbu,2014-04-21T12:52:19.093Z,"40km S of Ashkasham, Afghanistan",earthquake
2014-04-21T04:23:07.310Z,-5.5172,131.4599,61.44,4.8,mb,,110,2.454,0.94,us,usb000psbm,2014-04-21T12:25:40.565Z,"143km W of Tual, Indonesia",earthquake
2014-04-21T03:37:58.190Z,-6.4353,155.0007,35.97,4.7,mb,,38,3.598,0.97,us,usb000psbb,2014-04-21T11:40:34.466Z,"55km WSW of Panguna, Papua New Guinea",earthquake
2014-04-21T03:21:23.790Z,-28.3182,-12.7974,10,5,mb,,59,13.921,1.28,us,usb000psb6,2014-04-21T11:23:59.675Z,"Southern Mid-Atlantic Ridge",earthquake
2014-04-21T02:31:37.630Z,-6.7268,154.6333,37.07,4.9,mb,,64,3.519,1.14,us,usb000psai,2014-04-28T03:13:21.000Z,"104km WSW of Panguna, Papua New Guinea",earthquake
2014-04-21T01:54:00.710Z,-6.7152,154.5274,35,4.8,mb,,63,3.438,1.29,us,usb000ps9z,2014-04-28T02:54:10.713Z,"114km WSW of Panguna, Papua New Guinea",earthquake
2014-04-20T23:00:21.040Z,-7.0549,149.5246,35.18,4.5,mb,,86,3.305,0.44,us,usb000ps8m,2014-04-21T07:03:59.017Z,"92km S of Kandrian, Papua New Guinea",earthquake
2014-04-20T20:16:53.700Z,28.084,143.0292,34.21,4.9,mb,,160,8.862,0.59,us,usb000ps5w,2014-04-21T04:19:19.317Z,"136km NE of Chichi-shima, Japan",earthquake
2014-04-20T15:58:08.570Z,-7.2773,154.9859,35,4.6,mb,,157,4.157,0.44,us,usb000ps1u,2014-04-21T00:00:45.731Z,"119km SSW of Panguna, Papua New Guinea",earthquake
2014-04-20T14:15:34.840Z,28.3391,-43.7445,10,4.7,mb,,110,23.263,0.64,us,usb000ps08,2014-04-20T22:18:02.912Z,"Northern Mid-Atlantic Ridge",earthquake
2014-04-20T13:50:41.530Z,53.1022,163.0193,37.31,5.3,mb,,41,2.637,0.89,us,usb000przr,2014-04-20T21:53:15.951Z,"292km E of Petropavlovsk-Kamchatskiy, Russia",earthquake
2014-04-20T13:28:42.990Z,-6.8503,154.6607,57.07,5.1,mb,,46,3.627,0.79,us,usb000przh,2014-04-20T21:31:19.286Z,"108km WSW of Panguna, Papua New Guinea",earthquake
2014-04-20T12:41:52.470Z,-28.2649,-67.4702,109.1,4.6,mb,,75,2.535,0.65,us,usb000pryt,2014-05-14T11:42:51.000Z,"24km SSE of Tinogasta, Argentina",earthquake
2014-04-20T12:40:39.470Z,17.7341,-101.1876,59.7,4.8,mb,,192,1.933,1.08,us,usb000pryu,2014-05-14T11:57:44.247Z,"25km NNE of Petatlan, Mexico",earthquake
2014-04-20T12:14:40.660Z,-6.5499,154.6887,65.83,4.7,mb,,59,3.436,0.83,us,usb000pryl,2014-05-14T11:53:28.478Z,"91km WSW of Panguna, Papua New Guinea",earthquake
2014-04-20T09:41:25.930Z,-22.0647,169.8934,43.25,4.7,mb,,97,3.199,1.23,us,usb000prxx,2014-05-14T11:48:10.612Z,"215km ESE of Tadine, New Caledonia",earthquake
2014-04-20T08:56:40.710Z,-6.095,148.9932,62.42,4.9,mb,,83,3.68,0.41,us,usb000prwe,2014-04-20T16:59:23.208Z,"63km WNW of Kandrian, Papua New Guinea",earthquake
2014-04-20T08:43:53.100Z,0.7031,98.3611,48.18,5.4,mb,,28,0.986,0.95,us,usb000prwb,2014-04-20T16:46:21.253Z,"124km SW of Padangsidempuan, Indonesia",earthquake
2014-04-20T08:24:29.040Z,-6.5001,154.7017,34.87,5,mb,,26,5.959,0.71,us,usb000prw5,2014-04-20T16:27:07.925Z,"88km WSW of Panguna, Papua New Guinea",earthquake
2014-04-20T08:10:20.310Z,-6.925,154.744,79.72,4.6,mb,,49,3.737,1.24,us,usb000prw1,2014-04-20T16:13:10.408Z,"106km SW of Panguna, Papua New Guinea",earthquake
2014-04-20T07:54:55.520Z,-19.9249,-70.9982,10,4.5,mwr,,110,0.886,0.95,us,usb000prvu,2014-04-20T15:57:31.786Z,"95km WNW of Iquique, Chile",earthquake
2014-04-20T07:45:45.190Z,-11.0443,161.6431,18.58,5,mb,,43,2.308,0.84,us,usb000prvt,2014-04-20T15:48:20.482Z,"71km SSW of Kirakira, Solomon Islands",earthquake
2014-04-20T04:23:13.160Z,-7.0855,154.6438,35.06,5.1,mb,,27,3.789,1.15,us,usb000prtp,2014-04-20T12:25:46.214Z,"126km SW of Panguna, Papua New Guinea",earthquake
2014-04-20T04:17:34.380Z,-6.8587,154.5663,28.2,5.7,mwp,,49,3.569,1.32,us,usb000prti,2014-04-25T17:56:01.000Z,"117km WSW of Panguna, Papua New Guinea",earthquake
2014-04-20T02:26:48.300Z,-6.7933,154.5776,25.07,4.6,mb,,83,3.529,0.4,us,usb000prs7,2014-04-20T10:29:29.860Z,"113km WSW of Panguna, Papua New Guinea",earthquake
2014-04-20T01:54:12.710Z,-26.5424,-114.9208,10,5.4,mb,,91,5.025,1.34,us,usb000prru,2014-04-27T01:56:26.000Z,"Easter Island region",earthquake
2014-04-20T01:02:14.530Z,-6.423,154.8945,35,4.8,mb,,47,3.508,0.62,us,usb000prr9,2014-04-20T09:04:52.840Z,"66km W of Panguna, Papua New Guinea",earthquake
2014-04-20T00:58:26.030Z,-28.386,-69.0054,113.53,4.7,mb,,59,1.343,0.81,us,usb000prr4,2014-05-11T04:26:37.805Z,"88km WNW of Vinchina, Argentina",earthquake
2014-04-20T00:15:58.100Z,-7.1646,155.3351,20,6.2,mww,,16,4.322,0.79,us,usb000prqv,2014-05-10T22:29:54.497Z,"95km S of Panguna, Papua New Guinea",earthquake
2014-04-20T00:10:44.530Z,-7.0093,155.2366,17.31,5.2,mb,,31,4.146,1.11,us,usb000prqr,2014-04-20T08:13:15.747Z,"81km SSW of Panguna, Papua New Guinea",earthquake
2014-04-19T23:06:16.900Z,-6.9424,154.9865,34.98,5.1,mb,,20,3.919,0.98,us,usb000prps,2014-04-20T15:56:33.000Z,"88km SW of Panguna, Papua New Guinea",earthquake
2014-04-19T22:33:26.980Z,-6.4861,154.6382,35.78,4.7,mb,,40,3.356,0.94,us,usb000prp0,2014-04-20T06:36:19.746Z,"95km WSW of Panguna, Papua New Guinea",earthquake
2014-04-19T21:31:38.360Z,-6.9592,154.956,35,4.8,mb,,45,3.909,0.83,us,usb000prly,2014-04-20T05:34:18.912Z,"92km SW of Panguna, Papua New Guinea",earthquake
2014-04-19T21:30:30.110Z,-19.977,-71.0509,9.27,4.6,mb,,96,0.952,0.91,us,usb000prlm,2014-04-24T15:58:49.000Z,"98km WNW of Iquique, Chile",earthquake
2014-04-19T21:28:25.740Z,-6.8233,152.2719,39.63,4.5,mb,,206,2.617,0.36,us,usb000prls,2014-05-11T03:51:18.597Z,"251km N of Kulumadau, Papua New Guinea",earthquake
2014-04-19T20:54:42.370Z,-20.021,-70.913,9.04,5.8,mwr,,80,0.855,1.17,us,usb000prk0,2014-04-20T15:56:31.000Z,"83km WNW of Iquique, Chile",earthquake
2014-04-19T20:00:13.110Z,-6.4925,154.5891,35,4.8,mb,,65,3.325,0.45,us,usb000prib,2014-04-20T06:31:39.219Z,"100km W of Panguna, Papua New Guinea",earthquake
2014-04-19T19:31:34.570Z,17.9617,-62.509,52.07,5,mwr,,36,0.545,0.96,us,usb000prhk,2014-04-19T23:01:41.639Z,"53km E of Stoney Ground, Anguilla",earthquake
2014-04-19T19:16:18.290Z,-7.241,154.7912,9.41,4.9,mb,,48,4.001,0.36,us,usb000prhc,2014-04-20T06:00:33.000Z,"127km SW of Panguna, Papua New Guinea",earthquake
2014-04-19T18:11:24.870Z,-7.13,154.664,65.67,5.1,mb,,45,3.835,1.03,us,usb000prfx,2014-04-22T15:18:36.000Z,"127km SW of Panguna, Papua New Guinea",earthquake
2014-04-19T17:55:22.440Z,-7.117,154.8619,47.59,5.3,mb,,44,3.957,0.81,us,usb000prf5,2014-04-22T14:38:38.000Z,"112km SW of Panguna, Papua New Guinea",earthquake
2014-04-19T17:45:12.460Z,-7.0502,154.8888,50.9,5.3,mb,,44,3.927,0.83,us,usb000prew,2014-04-22T14:28:57.000Z,"104km SW of Panguna, Papua New Guinea",earthquake
2014-04-19T17:33:29.940Z,14.1558,-91.2707,78.83,4.5,mb,,150,0.549,1.13,us,usb000prek,2014-04-22T14:08:28.425Z,"5km SSE of Nueva Concepcion, Guatemala",earthquake
2014-04-19T17:19:51.320Z,-6.4207,154.8888,90.74,5,mb,,33,3.502,0.82,us,usb000pre7,2014-04-22T13:50:37.000Z,"66km W of Panguna, Papua New Guinea",earthquake
2014-04-19T16:56:14.790Z,-6.99,154.5768,47.43,5.2,mb,,90,3.674,1.01,us,usb000prdm,2014-04-20T00:58:55.550Z,"125km SW of Panguna, Papua New Guinea",earthquake
2014-04-19T16:49:44.210Z,-7.2044,154.7278,80.27,5.2,mb,,60,3.933,0.79,us,usb000prdh,2014-04-20T00:52:16.058Z,"129km SW of Panguna, Papua New Guinea",earthquake
2014-04-19T16:41:47.950Z,-7.015,154.5784,77.64,4.9,mb,,63,3.693,1.39,us,usb000prd9,2014-04-20T00:44:14.298Z,"126km SW of Panguna, Papua New Guinea",earthquake
2014-04-19T15:52:57.070Z,-6.7404,154.1979,35,4.8,mb,,112,6.292,1.06,us,usb000prc2,2014-04-19T23:55:29.428Z,"149km WSW of Panguna, Papua New Guinea",earthquake
2014-04-19T14:58:17.590Z,17.4955,-101.1638,35,5,mb,,158,2.17,1.29,us,usb000praw,2014-04-19T23:01:48.817Z,"11km ESE of Petatlan, Mexico",earthquake
2014-04-19T14:56:39.570Z,-7.096,154.7408,106.61,4.8,mb,,65,3.86,1,us,usb000prba,2014-04-19T22:59:17.383Z,"119km SW of Panguna, Papua New Guinea",earthquake
2014-04-19T14:32:15.200Z,-7.1372,154.3991,106.41,4.7,mb,,150,3.676,1.36,us,usb000pra8,2014-04-19T22:34:43.423Z,"150km SW of Panguna, Papua New Guinea",earthquake
2014-04-19T14:24:38.730Z,-7.176,154.9338,47.84,4.8,mb,,90,4.048,1.21,us,usb000pra5,2014-04-19T22:27:15.272Z,"112km SSW of Panguna, Papua New Guinea",earthquake
2014-04-19T13:47:51.510Z,-7.099,154.7278,72.22,5.6,mb,,40,7.832,1.02,us,usb000pr8t,2014-04-19T21:50:26.062Z,"120km SW of Panguna, Papua New Guinea",earthquake
2014-04-19T13:36:13.660Z,8.5038,-82.735,30.45,4.6,mb,,82,2.938,1.28,us,usb000pr8b,2014-04-19T21:38:41.600Z,"2km WNW of Santo Domingo, Panama",earthquake
2014-04-19T13:27:59.500Z,-6.7203,154.9315,30.87,7.5,mww,,16,3.728,1.18,us,usb000pr89,2014-04-21T21:46:26.807Z,"75km SW of Panguna, Papua New Guinea",earthquake
2014-04-19T13:21:20.570Z,-6.7621,155.1115,62.38,5.2,mb,,94,3.89,0.61,us,usb000pr86,2014-04-19T21:23:49.666Z,"64km SW of Panguna, Papua New Guinea",earthquake
2014-04-19T12:52:39.840Z,-17.9522,-178.465,619.47,4.9,mb,,79,3.323,0.73,us,usb000pr7q,2014-04-19T20:55:21.312Z,"285km SE of Lambasa, Fiji",earthquake
2014-04-19T11:31:06.000Z,67.6643,-162.3749,7.7,4.6,ml,,,,1.36,ak,ak11234164,2014-04-28T21:02:06.413Z,"37km NE of Noatak, Alaska",earthquake
2014-04-19T08:49:01.000Z,67.6777,-162.4774,17.5,4.7,ml,,,,1.04,ak,ak11234020,2014-05-14T11:39:35.206Z,"23km ENE of Noatak, Alaska",earthquake
2014-04-19T08:23:14.920Z,-7.1948,155.4326,35,4.6,mb,,89,4.414,0.7,us,usb000ql1h,2014-05-15T12:00:19.058Z,"97km S of Panguna, Papua New Guinea",earthquake
2014-04-19T08:09:08.050Z,38.0883,142.0106,79.03,4.5,mb,,99,3.401,0.99,us,usb000ql1g,2014-05-15T11:36:17.798Z,"72km ESE of Ishinomaki, Japan",earthquake
2014-04-19T07:18:24.360Z,-7.4645,155.7201,35,4.5,mb,,88,4.619,1.17,us,usb000ql1f,2014-05-15T11:30:13.094Z,"129km SSE of Panguna, Papua New Guinea",earthquake
2014-04-19T05:27:36.760Z,-6.9576,155.1731,62.57,4.5,mb,,94,4.064,0.54,us,usb000ql1b,2014-05-15T11:13:25.044Z,"78km SSW of Panguna, Papua New Guinea",earthquake
2014-04-19T04:22:00.930Z,-18.8735,-63.4898,39.68,4.7,mb,,60,5.118,0.93,us,usb000pqy7,2014-05-11T05:36:03.499Z,"5km SSW of Abapo, Bolivia",earthquake
2014-04-19T01:08:29.600Z,-6.9068,155.2466,25.29,5.2,mb,,184,4.085,0.68,us,usb000ql5e,2014-05-15T03:40:58.817Z,"70km SSW of Panguna, Papua New Guinea",earthquake
2014-04-19T01:04:02.940Z,-6.6731,155.0982,23.34,6.6,mww,,11,3.822,1.01,us,usb000pqwe,2014-05-15T00:07:44.049Z,"58km SW of Panguna, Papua New Guinea",earthquake
2014-04-18T23:45:36.410Z,-20.6302,-70.9548,11,4.5,mwr,,42,0.774,0.78,us,usb000pquy,2014-05-10T04:49:43.282Z,"96km WSW of Iquique, Chile",earthquake
2014-04-18T21:57:17.820Z,6.1994,-82.5564,21.42,4.6,mb,,105,3.993,0.8,us,usb000pqr1,2014-05-10T04:18:42.019Z,"205km S of Punta de Burica, Panama",earthquake
2014-04-18T20:58:30.950Z,56.1507,164.5048,26.1,4.9,mb,,63,4.627,0.79,us,usb000pqmp,2014-04-19T14:52:09.113Z,"126km E of Ust'-Kamchatsk Staryy, Russia",earthquake
2014-04-18T19:05:05.070Z,-62.7492,155.4697,10.03,5.6,mb,,38,8.471,0.91,us,usb000pqfe,2014-04-20T14:56:31.000Z,"Balleny Islands region",earthquake
2014-04-18T18:56:46.000Z,67.7734,-162.6741,33,5.3,ml,,,,0.72,ak,ak11233002,2014-04-24T02:03:33.350Z,"31km NE of Noatak, Alaska",earthquake
2014-04-18T18:44:18.000Z,67.7185,-162.6679,23.4,5.6,ml,,,,0.8,ak,ak11232962,2014-04-24T02:00:23.591Z,"20km NE of Noatak, Alaska",earthquake
2014-04-18T17:53:39.580Z,-6.6947,155.3671,38.49,4.8,mb,,66,4.044,0.95,us,usb000pqbr,2014-04-19T20:57:30.000Z,"43km SSW of Panguna, Papua New Guinea",earthquake
2014-04-18T15:24:14.540Z,-11.4523,162.9111,51.01,4.7,mb,,93,3.535,0.95,us,usb000pq68,2014-04-19T04:01:08.400Z,"154km SE of Kirakira, Solomon Islands",earthquake
2014-04-18T15:07:08.880Z,-9.2206,110.205,23.24,5,mb,,74,1.337,1.07,us,usb000pq5b,2014-04-19T04:00:36.495Z,"140km S of Bambanglipuro, Indonesia",earthquake
2014-04-18T14:27:26.610Z,17.5519,-100.8159,24,7.2,mww,,36,2.144,1.26,us,usb000pq41,2014-05-13T23:07:15.561Z,"36km NNW of Tecpan de Galeana, Mexico",earthquake
2014-04-18T13:33:37.710Z,-9.3059,110.3011,36.02,5.2,mb,,91,1.401,1.08,us,usb000pq2c,2014-04-19T04:01:25.043Z,"149km S of Bambanglipuro, Indonesia",earthquake
2014-04-18T13:02:51.290Z,-11.2391,164.7077,42.39,4.6,mb,,151,5.013,0.29,us,usb000pq1u,2014-04-19T04:01:01.361Z,"135km WSW of Lata, Solomon Islands",earthquake
2014-04-18T07:46:57.180Z,-27.7456,-62.7797,609.68,5.2,mb,,26,5.059,0.77,us,usb000ppxf,2014-05-14T11:00:40.151Z,"37km WSW of Quimili, Argentina",earthquake
2014-04-18T07:30:17.230Z,-11.2051,164.7658,31.32,5.1,mb,,43,5.055,0.75,us,usb000ppwx,2014-05-14T10:14:03.171Z,"128km WSW of Lata, Solomon Islands",earthquake
2014-04-18T06:57:44.350Z,-19.9257,-71.08,9.72,4.5,mwr,,95,0.958,0.94,us,usb000ppw0,2014-05-14T10:03:52.425Z,"103km WNW of Iquique, Chile",earthquake
2014-04-18T05:25:44.150Z,-11.8278,164.1645,10,4.8,mb,,81,4.776,1.25,us,usb000qkz8,2014-05-15T05:58:20.836Z,"219km SW of Lata, Solomon Islands",earthquake
2014-04-18T05:23:26.600Z,-11.1763,164.8426,18.01,4.7,mb,,112,5.117,0.9,us,usb000qkz0,2014-05-15T05:38:46.770Z,"119km WSW of Lata, Solomon Islands",earthquake
2014-04-18T05:07:36.230Z,38.4148,21.847,17.5,4.6,mb,,,,1.35,us,usb000ppui,2014-05-14T09:58:42.227Z,"3km NNE of Nafpaktos, Greece",earthquake
2014-04-18T04:13:12.040Z,-11.1387,164.8139,10,6.1,mww,,19,5.078,0.78,us,usb000pptc,2014-05-14T23:27:17.637Z,"120km WSW of Lata, Solomon Islands",earthquake
2014-04-18T01:52:47.280Z,-55.4328,-28.0458,34.85,4.7,mb,,58,5.011,0.49,us,usb000qkyt,2014-05-14T04:36:46.738Z,"150km NNW of Visokoi Island, ",earthquake
2014-04-18T00:02:30.970Z,42.5842,142.2137,108.55,4.7,mb,,72,0.901,0.63,us,usb000ppq6,2014-05-10T23:11:20.464Z,"30km NNW of Shizunai, Japan",earthquake
2014-04-17T23:13:02.930Z,-55.5415,-28.2822,13.44,5.4,mb,,45,4.899,0.56,us,usb000pppe,2014-04-18T21:50:10.345Z,"145km NNW of Visokoi Island, ",earthquake
2014-04-17T23:12:34.420Z,46.7683,105.9857,15.02,4.7,mb,,119,10.015,0.75,us,usb000ppr1,2014-05-10T23:28:05.596Z,"22km WSW of Bayanbaraat, Mongolia",earthquake
2014-04-17T23:09:11.380Z,46.7947,153.2629,44.8,4.7,mb,,58,6.936,0.85,us,usb000ppp9,2014-04-18T21:50:32.305Z,"Kuril Islands",earthquake
2014-04-17T22:59:50.210Z,46.8001,153.3513,37.41,5.1,mb,,131,6.908,0.73,us,usb000ppnv,2014-04-18T21:51:07.441Z,"Kuril Islands",earthquake
2014-04-17T22:53:02.930Z,36.0833,139.8494,66.96,4.7,mb,,65,1.406,0.6,us,usb000ppnp,2014-05-14T13:47:41.988Z,"4km ESE of Sakai, Japan",earthquake
2014-04-17T22:14:19.450Z,-6.4596,130.038,148.55,4.5,mb,,89,1.963,0.71,us,usb000pplt,2014-04-18T21:53:16.366Z,"217km NW of Saumlaki, Indonesia",earthquake
2014-04-17T21:11:16.890Z,67.6002,142.779,10,4.5,mb,,53,6.314,0.88,us,usb000ppip,2014-04-18T21:54:25.157Z,"127km WSW of Druzhina, Russia",earthquake
2014-04-17T21:09:08.600Z,-6.0886,154.5308,104.58,4.5,mb,,119,3.018,0.4,us,usb000ppiy,2014-04-18T21:53:52.470Z,"108km WNW of Panguna, Papua New Guinea",earthquake
2014-04-17T18:06:44.100Z,-5.5252,150.4263,142,4.5,mb,,86,2.18,1.08,us,usb000pp74,2014-04-18T21:51:24.266Z,"31km E of Kimbe, Papua New Guinea",earthquake
2014-04-17T16:35:20.140Z,-19.0444,169.3225,258.34,4.6,mb,,71,4.043,0.76,us,usb000qkxv,2014-05-15T22:18:28.497Z,"56km N of Isangel, Vanuatu",earthquake
2014-04-17T16:14:04.060Z,20.1477,120.3861,3.36,4.5,mb,,64,2.582,1.05,us,usb000qkxt,2014-05-15T22:07:03.012Z,"156km W of Sabtang, Philippines",earthquake
2014-04-17T15:49:59.990Z,20.1605,120.3487,10,4.8,mb,,52,2.596,1.17,us,usb000pp0f,2014-05-15T21:32:43.720Z,"160km W of Sabtang, Philippines",earthquake
2014-04-17T15:47:02.370Z,20.2667,120.2679,12.08,5.2,mb,,26,2.648,0.99,us,usb000pnzv,2014-05-15T21:18:40.715Z,"167km W of Sabtang, Philippines",earthquake
2014-04-17T15:11:01.480Z,-62.8205,155.7225,11.45,5.2,mb,,47,8.514,0.85,us,usb000pnwe,2014-05-15T20:53:43.731Z,"Balleny Islands region",earthquake
2014-04-17T15:06:51.490Z,-62.8705,155.7431,20.56,6.2,mww,,35,8.561,1.04,us,usb000pnw2,2014-05-15T20:11:15.051Z,"Balleny Islands region",earthquake
2014-04-17T14:44:01.160Z,37.4629,142.2009,30.74,5.2,mb,,135,3.325,0.77,us,usb000pnul,2014-04-18T22:50:27.714Z,"106km E of Namie, Japan",earthquake
2014-04-17T13:20:20.120Z,-22.5927,-69.023,94.04,4.6,mb,,49,0.105,1.15,us,usb000pnsu,2014-04-18T22:52:13.904Z,"16km SSW of Calama, Chile",earthquake
2014-04-17T13:10:06.180Z,-55.0729,-129.4973,16.36,5.5,mb,,36,32.433,1.08,us,usb000ppk1,2014-04-18T21:54:09.078Z,"Pacific-Antarctic Ridge",earthquake
2014-04-17T13:03:03.620Z,-7.8481,117.4736,272.88,5,mb,,54,3.345,0.98,us,usb000pnsd,2014-04-18T22:51:21.218Z,"45km NW of Labuhankananga, Indonesia",earthquake
2014-04-17T07:31:10.420Z,-19.9019,-70.8982,18.8,4.8,mb,,95,0.79,0.73,us,usb000pnjn,2014-04-18T22:51:55.731Z,"86km WNW of Iquique, Chile",earthquake
2014-04-17T07:28:43.480Z,-11.5349,162.497,34.62,5,mb,,47,3.259,0.97,us,usb000pnjr,2014-04-18T22:50:45.987Z,"135km SSE of Kirakira, Solomon Islands",earthquake
